source,target,description,file_name,knowledge_base_id,workspace_id
ent-c730c2d5d08cdf496f12e25178c451df,ent-d643ec6a9f34eed98be152c05848cba7,Teutberga died on 11 November 875,2wiki_subcorpus.txt,test_kb,test_workspace
ent-c730c2d5d08cdf496f12e25178c451df,ent-6967e835f9f24bdbc362df2ef6942cbd,Teutberga was queen of Lotharingia,2wiki_subcorpus.txt,test_kb,test_workspace
ent-c730c2d5d08cdf496f12e25178c451df,ent-4234ae5c15d21302e10c9ace4203463f,Teutberga married Lothair II,2wiki_subcorpus.txt,test_kb,test_workspace
ent-c730c2d5d08cdf496f12e25178c451df,ent-810d9808cfbab82f82a537b2b1f44a88,Teutberga daughter of Boso the Elder,2wiki_subcorpus.txt,test_kb,test_workspace
ent-c730c2d5d08cdf496f12e25178c451df,ent-59889f71a656786785737cb5953ae81a,Teutberga sister of Hucbert,2wiki_subcorpus.txt,test_kb,test_workspace
ent-59889f71a656786785737cb5953ae81a,ent-b6b4b66f123707763c554c2844152fb2,Hucbert abbot of St. Maurice's Abbey,2wiki_subcorpus.txt,test_kb,test_workspace
ent-a96cfb1d93af943804cf044761de8839,ent-955e218d9a36ac3f6851f93cf12e5fe8,Theodred II was bishop of Elmham,2wiki_subcorpus.txt,test_kb,test_workspace
ent-a96cfb1d93af943804cf044761de8839,ent-133c427f05a812a57189aea2c1f5312b,Theodred II died between 995 and 997,2wiki_subcorpus.txt,test_kb,test_workspace
ent-26cd1429f83099657157a24aa3e1d297,ent-74bba22728b6185eec06286af6bec36d,Lambert died after 938,2wiki_subcorpus.txt,test_kb,test_workspace
ent-26cd1429f83099657157a24aa3e1d297,ent-c976ea27bdb99c5237691b90863514c8,Lambert son of Adalbert II of Tuscany,2wiki_subcorpus.txt,test_kb,test_workspace
ent-26cd1429f83099657157a24aa3e1d297,ent-a5e7159d79f5e5ffea6a721006fc40e8,Lambert son of Bertha,2wiki_subcorpus.txt,test_kb,test_workspace
ent-a5e7159d79f5e5ffea6a721006fc40e8,ent-8907a225d40df4b4ce4c2f24dbe796b1,Bertha daughter of Lothair II of Lotharingia,2wiki_subcorpus.txt,test_kb,test_workspace
ent-26cd1429f83099657157a24aa3e1d297,ent-e0ad20e39895b41bf993c4e044ae3734,Lambert succeeded Guy,2wiki_subcorpus.txt,test_kb,test_workspace
ent-e0ad20e39895b41bf993c4e044ae3734,ent-3dd500594e052d4876d8bdb5785cdfc9,Guy was count and duke of Lucca,2wiki_subcorpus.txt,test_kb,test_workspace
ent-e0ad20e39895b41bf993c4e044ae3734,ent-b6111b6a101e80da31bd9fc31655164b,Guy was margrave of Tuscany,2wiki_subcorpus.txt,test_kb,test_workspace
ent-26cd1429f83099657157a24aa3e1d297,ent-177d6e16f6f3dc33b7541aa05485175f,Lambert was disowned by Hugh,2wiki_subcorpus.txt,test_kb,test_workspace
ent-302ab541bf0cd18f70579129fd2ac88f,ent-03e7d2ebec1e820ac34d054df7e68f48,Etan Boritzer born in 1950,2wiki_subcorpus.txt,test_kb,test_workspace
ent-302ab541bf0cd18f70579129fd2ac88f,ent-c6c6f067a3ead9ce67a1c67a790fa26b,Etan Boritzer is American,2wiki_subcorpus.txt,test_kb,test_workspace
ent-302ab541bf0cd18f70579129fd2ac88f,ent-e999f16a0053571050642119e9065821,Etan Boritzer is writer of children's literature,2wiki_subcorpus.txt,test_kb,test_workspace
ent-302ab541bf0cd18f70579129fd2ac88f,ent-1be396e0faed6192968c6fe120a6a1eb,Etan Boritzer best known for What is God?,2wiki_subcorpus.txt,test_kb,test_workspace
ent-1be396e0faed6192968c6fe120a6a1eb,ent-4a3e00961a08879c34f91ca0070ea2f5,What is God? published in 1989,2wiki_subcorpus.txt,test_kb,test_workspace
ent-78b0d30cf662760a3a11154a2742cbd4,ent-6f52070d5c9845119ee5204ed311d8d7,What is? is series of children's books,2wiki_subcorpus.txt,test_kb,test_workspace
ent-78b0d30cf662760a3a11154a2742cbd4,ent-e12a419d5e2435bf0e499a2c5ad877ef,What is? translated into 15 languages,2wiki_subcorpus.txt,test_kb,test_workspace
ent-302ab541bf0cd18f70579129fd2ac88f,ent-c215b446bcdf956d848a8419c1b5a920,Etan Boritzer published in 1963,2wiki_subcorpus.txt,test_kb,test_workspace
ent-302ab541bf0cd18f70579129fd2ac88f,ent-a735b3c2211d90fba7badc85ef5b79d7,Etan Boritzer attended Wade Junior High School,2wiki_subcorpus.txt,test_kb,test_workspace
ent-a735b3c2211d90fba7badc85ef5b79d7,ent-1046ecca1bf740bddd6fb8d780795314,Wade Junior High School located in Bronx,2wiki_subcorpus.txt,test_kb,test_workspace
ent-d82ce5962d9ee04d5c1ab47161d0f0eb,ent-87809c954948d8a20507bee3648281b3,John F. Kennedy assassination location New York,2wiki_subcorpus.txt,test_kb,test_workspace
ent-302ab541bf0cd18f70579129fd2ac88f,ent-2fd205dabe5d94ca4425a61d32cd980d,"Etan Boritzer lives in Venice, California",2wiki_subcorpus.txt,test_kb,test_workspace
ent-302ab541bf0cd18f70579129fd2ac88f,ent-2fd205dabe5d94ca4425a61d32cd980d,"Etan Boritzer maintains office in Venice, California",2wiki_subcorpus.txt,test_kb,test_workspace
ent-302ab541bf0cd18f70579129fd2ac88f,ent-344aa19884bff5062a3fe29ee0fbe88e,Etan Boritzer helps authors through How to Get Your Book Published!,2wiki_subcorpus.txt,test_kb,test_workspace
ent-302ab541bf0cd18f70579129fd2ac88f,ent-cbc2625a4df639c1a6a902ac8faf89b9,Etan Boritzer is teacher of The Teachings of the Buddha,2wiki_subcorpus.txt,test_kb,test_workspace
ent-4234ae5c15d21302e10c9ace4203463f,ent-6967e835f9f24bdbc362df2ef6942cbd,Lothair II was king of Lotharingia,2wiki_subcorpus.txt,test_kb,test_workspace
ent-4234ae5c15d21302e10c9ace4203463f,ent-addfa9b7e234254d26e9c7f2af1005cb,Lothair II reigned from 855,2wiki_subcorpus.txt,test_kb,test_workspace
ent-4234ae5c15d21302e10c9ace4203463f,ent-14942d3d8adf14184fa1aad07e458ff2,Lothair II second son of Emperor Lothair I,2wiki_subcorpus.txt,test_kb,test_workspace
ent-4234ae5c15d21302e10c9ace4203463f,ent-4a24f31feb98d1b5c90d4b78f879f5a0,Lothair II second son of Ermengarde of Tours,2wiki_subcorpus.txt,test_kb,test_workspace
ent-4234ae5c15d21302e10c9ace4203463f,ent-c730c2d5d08cdf496f12e25178c451df,Lothair II married Teutberga,2wiki_subcorpus.txt,test_kb,test_workspace
ent-c730c2d5d08cdf496f12e25178c451df,ent-810d9808cfbab82f82a537b2b1f44a88,Teutberga daughter of Boso the Elder,2wiki_subcorpus.txt,test_kb,test_workspace
ent-4a24f31feb98d1b5c90d4b78f879f5a0,ent-29c8f1d3355d63034fd4a9cf6da50b1a,Ermengarde of Tours daughter of Hugh of Tours,2wiki_subcorpus.txt,test_kb,test_workspace
ent-4a24f31feb98d1b5c90d4b78f879f5a0,ent-6566bd3ff91584110a82e66302b358f6,Ermengarde of Tours member of Etichonen,2wiki_subcorpus.txt,test_kb,test_workspace
ent-4a24f31feb98d1b5c90d4b78f879f5a0,ent-47a52901a5b09dd7bd9f7e53ce5ba3ad,Ermengarde of Tours married in October 821,2wiki_subcorpus.txt,test_kb,test_workspace
ent-4a24f31feb98d1b5c90d4b78f879f5a0,ent-923f49cd42e5359de8da80c22443dc94,Ermengarde of Tours married Lothair I,2wiki_subcorpus.txt,test_kb,test_workspace
ent-4a24f31feb98d1b5c90d4b78f879f5a0,ent-494673d0b480f17c75e16d944349637e,Ermengarde of Tours buried in Erstein,2wiki_subcorpus.txt,test_kb,test_workspace
ent-4a24f31feb98d1b5c90d4b78f879f5a0,ent-338080f29e7db4b93d54a475bcea9c8d,Ermengarde of Tours buried in Elsass,2wiki_subcorpus.txt,test_kb,test_workspace
ent-a5e7159d79f5e5ffea6a721006fc40e8,ent-19b650660b253761af189682e03501dd,Bertha born in 863,2wiki_subcorpus.txt,test_kb,test_workspace
ent-a5e7159d79f5e5ffea6a721006fc40e8,ent-a6089df889613f62db1a275ae7d0f785,Bertha died in March 925,2wiki_subcorpus.txt,test_kb,test_workspace
ent-a5e7159d79f5e5ffea6a721006fc40e8,ent-3dd500594e052d4876d8bdb5785cdfc9,Bertha died in Lucca,2wiki_subcorpus.txt,test_kb,test_workspace
ent-a5e7159d79f5e5ffea6a721006fc40e8,ent-5afc52417d6ede9edd6460e8ce32164a,Bertha was countess of Arles,2wiki_subcorpus.txt,test_kb,test_workspace
ent-a5e7159d79f5e5ffea6a721006fc40e8,ent-ae5efd0ee477ce3485e5216e26204acd,Bertha married to Theobald of Arles,2wiki_subcorpus.txt,test_kb,test_workspace
ent-a5e7159d79f5e5ffea6a721006fc40e8,ent-efb34168ce77ba22afe36bba19079f25,Bertha was margravine of Tuccany,2wiki_subcorpus.txt,test_kb,test_workspace
ent-a5e7159d79f5e5ffea6a721006fc40e8,ent-c976ea27bdb99c5237691b90863514c8,Bertha married to Adalbert II of Tuscany,2wiki_subcorpus.txt,test_kb,test_workspace
ent-a5e7159d79f5e5ffea6a721006fc40e8,ent-3dd500594e052d4876d8bdb5785cdfc9,Bertha served as regent of Lucca,2wiki_subcorpus.txt,test_kb,test_workspace
ent-a5e7159d79f5e5ffea6a721006fc40e8,ent-b6111b6a101e80da31bd9fc31655164b,Bertha served as regent of Tuscany,2wiki_subcorpus.txt,test_kb,test_workspace
ent-a5e7159d79f5e5ffea6a721006fc40e8,ent-24896ee4c6526356cc127852413ea3b4,Bertha regent from 915,2wiki_subcorpus.txt,test_kb,test_workspace
ent-a5e7159d79f5e5ffea6a721006fc40e8,ent-23ce1851341ec1fa9e0c259de10bf87c,Bertha regent until 916,2wiki_subcorpus.txt,test_kb,test_workspace
ent-a5e7159d79f5e5ffea6a721006fc40e8,ent-f10af6f10fda925dc78cfc9ceeb0c4e3,Bertha mother of Guy of Tuscany,2wiki_subcorpus.txt,test_kb,test_workspace
ent-a5e7159d79f5e5ffea6a721006fc40e8,ent-4234ae5c15d21302e10c9ace4203463f,Bertha daughter of Lothair II,2wiki_subcorpus.txt,test_kb,test_workspace
ent-a5e7159d79f5e5ffea6a721006fc40e8,ent-5586e900c7c62b58d06636aca29604a4,Bertha daughter of Waldrada,2wiki_subcorpus.txt,test_kb,test_workspace
ent-4234ae5c15d21302e10c9ace4203463f,ent-6967e835f9f24bdbc362df2ef6942cbd,Lothair II king of Lotharingia,2wiki_subcorpus.txt,test_kb,test_workspace
ent-5586e900c7c62b58d06636aca29604a4,ent-4234ae5c15d21302e10c9ace4203463f,Waldrada mistress of Lothair II,2wiki_subcorpus.txt,test_kb,test_workspace
ent-5586e900c7c62b58d06636aca29604a4,ent-4234ae5c15d21302e10c9ace4203463f,Waldrada was wife of Lothair II,2wiki_subcorpus.txt,test_kb,test_workspace
ent-5586e900c7c62b58d06636aca29604a4,ent-c5a4083462ddc84af98f0c94877dc008,Waldrada was wife of King of Lotharingia,2wiki_subcorpus.txt,test_kb,test_workspace
ent-5586e900c7c62b58d06636aca29604a4,ent-4234ae5c15d21302e10c9ace4203463f,Waldrada was mistress of Lothair II,2wiki_subcorpus.txt,test_kb,test_workspace
ent-5586e900c7c62b58d06636aca29604a4,ent-c5a4083462ddc84af98f0c94877dc008,Waldrada was mistress of King of Lotharingia,2wiki_subcorpus.txt,test_kb,test_workspace
ent-33181dfc4c9fa1866f2c08559922a358,ent-0031c41178ec3d2e15605a8962c6311e,Theobald was count of Arles,2wiki_subcorpus.txt,test_kb,test_workspace
ent-33181dfc4c9fa1866f2c08559922a358,ent-f9dc77cece7fa16f6edd2d1d64853e4b,Theobald was Frank,2wiki_subcorpus.txt,test_kb,test_workspace
ent-33181dfc4c9fa1866f2c08559922a358,ent-9981852a69072cdd289324bde16ed9bd,Theobald was from Bosonid,2wiki_subcorpus.txt,test_kb,test_workspace
ent-33181dfc4c9fa1866f2c08559922a358,ent-59889f71a656786785737cb5953ae81a,Theobald was son of Hucbert,2wiki_subcorpus.txt,test_kb,test_workspace
ent-33181dfc4c9fa1866f2c08559922a358,ent-a5e7159d79f5e5ffea6a721006fc40e8,Theobald married Bertha,2wiki_subcorpus.txt,test_kb,test_workspace
ent-a5e7159d79f5e5ffea6a721006fc40e8,ent-4234ae5c15d21302e10c9ace4203463f,Bertha was daughter of Lothair II,2wiki_subcorpus.txt,test_kb,test_workspace
ent-a5e7159d79f5e5ffea6a721006fc40e8,ent-c5a4083462ddc84af98f0c94877dc008,Bertha was daughter of King of Lotharingia,2wiki_subcorpus.txt,test_kb,test_workspace
ent-516015a9cb3ec250d13c2f31cefc6fb8,ent-53a577bb3bc587b0c28ab808390f1c9b,The Wonderful World of Captain Kuhio released in Japan,2wiki_subcorpus.txt,test_kb,test_workspace
ent-516015a9cb3ec250d13c2f31cefc6fb8,ent-a53991d26668daa467eb2b3ef1accb4a,The Wonderful World of Captain Kuhio released on 10 October 2009,2wiki_subcorpus.txt,test_kb,test_workspace
ent-faa4a38051301a7d9171acfbb6601763,ent-7e56e0ef7a612f6e6afa824edd0f7b61,Coney Island Baby is comedy-drama,2wiki_subcorpus.txt,test_kb,test_workspace
ent-faa4a38051301a7d9171acfbb6601763,ent-c58fe5a9adecad5fec903b9a40c53e03,Coney Island Baby debut of Amy Hobby,2wiki_subcorpus.txt,test_kb,test_workspace
ent-faa4a38051301a7d9171acfbb6601763,ent-d27bf10f1e121ebfb8f06913f4cf3db0,Coney Island Baby written by Karl Geary,2wiki_subcorpus.txt,test_kb,test_workspace
ent-5cb8d6b6c6d88582c1dd77bf6b6f6163,ent-08af6fd030dc9b84c3b20cd9da7b8feb,Lloyd is 2001 American comedy film,2wiki_subcorpus.txt,test_kb,test_workspace
ent-5cb8d6b6c6d88582c1dd77bf6b6f6163,ent-f0df03dea0d6031b635750f56dbd5744,"Lloyd released on May 4, 2001",2wiki_subcorpus.txt,test_kb,test_workspace
ent-a1ac5cdcfcd97fc8b1a5ab06e691c563,ent-582f16347b4d1b698b11f3e0abd9e895,Rakka released on 14 June 2017,2wiki_subcorpus.txt,test_kb,test_workspace
ent-a1ac5cdcfcd97fc8b1a5ab06e691c563,ent-8dd1bae8da2e2408210d0656fbe6b7d1,Rakka released on YouTube,2wiki_subcorpus.txt,test_kb,test_workspace
ent-a1ac5cdcfcd97fc8b1a5ab06e691c563,ent-4db4563826bad0eb2f60ee6e42d0ea4b,Rakka released on Steam,2wiki_subcorpus.txt,test_kb,test_workspace
ent-232a2772fd563eb46b16d922173446e2,ent-d5e6ff251756e95c3b9690ffaece217d,Empties is 2007 film,2wiki_subcorpus.txt,test_kb,test_workspace
ent-232a2772fd563eb46b16d922173446e2,ent-bee20684fe5bb73102138538131624c4,Empties directed by Jan Svěrák,2wiki_subcorpus.txt,test_kb,test_workspace
ent-232a2772fd563eb46b16d922173446e2,ent-5e1decd545a71e946cbced932beb709e,Empties written by Zdeněk Svěrák,2wiki_subcorpus.txt,test_kb,test_workspace
ent-232a2772fd563eb46b16d922173446e2,ent-5e1decd545a71e946cbced932beb709e,Empties stars Zdeněk Svěrák,2wiki_subcorpus.txt,test_kb,test_workspace
ent-232a2772fd563eb46b16d922173446e2,ent-51802d8bb965d0e5be697f07d16922e8,Empties released in Czech Republic,2wiki_subcorpus.txt,test_kb,test_workspace
ent-232a2772fd563eb46b16d922173446e2,ent-e6c2c945cb3d88146da5642d4344fb05,Empties released in March 2007,2wiki_subcorpus.txt,test_kb,test_workspace
ent-232a2772fd563eb46b16d922173446e2,ent-12f0a8c7b1f43f325fabfd270cf25bf3,Empties is comedy,2wiki_subcorpus.txt,test_kb,test_workspace
ent-232a2772fd563eb46b16d922173446e2,ent-ef17227670b855a11ff04d6032bda241,Empties made by team which made Kolya,2wiki_subcorpus.txt,test_kb,test_workspace
ent-bdbd6db1d8cc09a957e86180fda9442a,ent-f106b7f99d2cb30c3db1c3cc0fde9ccb,film released in 1961,2wiki_subcorpus.txt,test_kb,test_workspace
ent-bdbd6db1d8cc09a957e86180fda9442a,ent-53a577bb3bc587b0c28ab808390f1c9b,film released in Japan,2wiki_subcorpus.txt,test_kb,test_workspace
ent-bdbd6db1d8cc09a957e86180fda9442a,ent-f253efe302d32ab264a76e0ce65be769,film released in United States,2wiki_subcorpus.txt,test_kb,test_workspace
ent-bdbd6db1d8cc09a957e86180fda9442a,ent-e48d92ded59fd5038b80d6493f1fcea5,film featured on Mystery Science Theater,2wiki_subcorpus.txt,test_kb,test_workspace
ent-7bdc7a47bdf2debb490ead6d01879a97,ent-ebc71d5586cb3060d81815e0510f6c5c,Aas Ka Panchhi is 1961 Hindi movie,2wiki_subcorpus.txt,test_kb,test_workspace
ent-7bdc7a47bdf2debb490ead6d01879a97,ent-ba3948db384b8fc299da1dda616ab1d6,Aas Ka Panchhi produced by J. Om Prakash,2wiki_subcorpus.txt,test_kb,test_workspace
ent-7bdc7a47bdf2debb490ead6d01879a97,ent-3ef1d02911576e5c8c66a1d88e8499eb,Aas Ka Panchhi written by Mohan Kumar,2wiki_subcorpus.txt,test_kb,test_workspace
ent-7bdc7a47bdf2debb490ead6d01879a97,ent-b64c5757bb495b586e2899c4c4113e11,Aas Ka Panchhi written by Rajinder Singh Bedi,2wiki_subcorpus.txt,test_kb,test_workspace
ent-7bdc7a47bdf2debb490ead6d01879a97,ent-3ef1d02911576e5c8c66a1d88e8499eb,Aas Ka Panchhi directed by Mohan Kumar,2wiki_subcorpus.txt,test_kb,test_workspace
ent-7bdc7a47bdf2debb490ead6d01879a97,ent-26ee6eb9e3a91865f9d5247a8c5fe1cd,Aas Ka Panchhi stars Rajendra Kumar,2wiki_subcorpus.txt,test_kb,test_workspace
ent-7bdc7a47bdf2debb490ead6d01879a97,ent-619d7ee21ed3ab7e65d57fe8ef8ed4ec,Aas Ka Panchhi stars Vyjayanthimala,2wiki_subcorpus.txt,test_kb,test_workspace
ent-7bdc7a47bdf2debb490ead6d01879a97,ent-39b9895dd7c4faf1cabb442160563803,Aas Ka Panchhi stars Leela Chitnis,2wiki_subcorpus.txt,test_kb,test_workspace
ent-7bdc7a47bdf2debb490ead6d01879a97,ent-0f9b39b5063d38bf53c4463bdb640f6d,Aas Ka Panchhi music by Shankar Jaikishan,2wiki_subcorpus.txt,test_kb,test_workspace
ent-95a0cccfd882750969c919bece734089,ent-78385141d876915f97d66b7582883573,Bommalattam is 2008 Indian Tamil film,2wiki_subcorpus.txt,test_kb,test_workspace
ent-95a0cccfd882750969c919bece734089,ent-0be050de60a850674198172e15c722d5,Bommalattam directed by Bharathiraja,2wiki_subcorpus.txt,test_kb,test_workspace
ent-95a0cccfd882750969c919bece734089,ent-7304c67c54b8d6072bd0b652f9d56b22,Bommalattam stars Arjun Sarja,2wiki_subcorpus.txt,test_kb,test_workspace
ent-95a0cccfd882750969c919bece734089,ent-ff736b41821df9051cbc059195b4e5a4,Bommalattam stars Nana Patekar,2wiki_subcorpus.txt,test_kb,test_workspace
ent-95a0cccfd882750969c919bece734089,ent-45c3171ef193c74b402f407fba9d955b,Bommalattam originally filmed in Hindi,2wiki_subcorpus.txt,test_kb,test_workspace
ent-95a0cccfd882750969c919bece734089,ent-7e2f65f7789a5796be66cd9e74941bbb,"Bommalattam Hindi version retitled ""Final Cut of Director""",2wiki_subcorpus.txt,test_kb,test_workspace
ent-bd403665fa31723fda182afdf3114cbd,ent-da3c0f5184b6ef5bd00501bfda26538a,Bernard Bonvoisin known as Bernie Bonvoisin,2wiki_subcorpus.txt,test_kb,test_workspace
ent-bd403665fa31723fda182afdf3114cbd,ent-b6963bca6f65fdc25f3cc0b484d4c902,Bernard Bonvoisin born on 9 July 1956,2wiki_subcorpus.txt,test_kb,test_workspace
ent-bd403665fa31723fda182afdf3114cbd,ent-d76cfe376455b21503f980161ca618b0,Bernard Bonvoisin born in Nanterre,2wiki_subcorpus.txt,test_kb,test_workspace
ent-bd403665fa31723fda182afdf3114cbd,ent-bc30476773be619256610de30ce57cbe,Bernard Bonvoisin born in Hauts-de-Seine,2wiki_subcorpus.txt,test_kb,test_workspace
ent-bd403665fa31723fda182afdf3114cbd,ent-ad225f707802ba118c22987186dd38e8,Bernard Bonvoisin is French,2wiki_subcorpus.txt,test_kb,test_workspace
ent-bd403665fa31723fda182afdf3114cbd,ent-2f81eae07126287c59c259054052ddb9,Bernard Bonvoisin singer of Trust,2wiki_subcorpus.txt,test_kb,test_workspace
ent-bd403665fa31723fda182afdf3114cbd,ent-21f98b01ba420e031d180950e3363d0a,Bernard Bonvoisin friend of Bon Scott,2wiki_subcorpus.txt,test_kb,test_workspace
ent-bd403665fa31723fda182afdf3114cbd,ent-8b3bf125a224c9b1afc591499b52ceeb,Bernard Bonvoisin recorded Ride On,2wiki_subcorpus.txt,test_kb,test_workspace
ent-21f98b01ba420e031d180950e3363d0a,ent-2284399857f7b5e1b8ceec9c66c13f0c,Bon Scott singer of AC/DC,2wiki_subcorpus.txt,test_kb,test_workspace
ent-5e4fd4f6cec8fadead1fe532fd62ade8,ent-da5e1343247a4f1a14129614c500ce33,Panda is song by Astro,2wiki_subcorpus.txt,test_kb,test_workspace
ent-5e4fd4f6cec8fadead1fe532fd62ade8,ent-76eb66e0d462898bd199191030f814e7,"Panda released as single on February 1, 2013",2wiki_subcorpus.txt,test_kb,test_workspace
ent-905f32f3603a929415960bf645d0e4b4,ent-5e4fd4f6cec8fadead1fe532fd62ade8,Andrés Nusser composer of Panda,2wiki_subcorpus.txt,test_kb,test_workspace
ent-905f32f3603a929415960bf645d0e4b4,ent-5e4fd4f6cec8fadead1fe532fd62ade8,Andrés Nusser producer of Panda,2wiki_subcorpus.txt,test_kb,test_workspace
ent-68035240c9d54b66f7712f2f6b189e4d,ent-206852b9306afa2b3c5dc232aab226f1,Changed It is song by Nicki Minaj,2wiki_subcorpus.txt,test_kb,test_workspace
ent-68035240c9d54b66f7712f2f6b189e4d,ent-62ecce73e8f5b427fd4516b20f18da6e,Changed It is song by Lil Wayne,2wiki_subcorpus.txt,test_kb,test_workspace
ent-68035240c9d54b66f7712f2f6b189e4d,ent-d873af3e4f47e56b2478aa268cea0512,"Changed It released on March 10, 2017",2wiki_subcorpus.txt,test_kb,test_workspace
ent-ab89f8aa301e3ea18a6fdfdecb5f1f69,ent-a8e2be2af6866a1e85e2d67612b53fc8,O Valencia! is fifth single by The Decemberists,2wiki_subcorpus.txt,test_kb,test_workspace
ent-ab89f8aa301e3ea18a6fdfdecb5f1f69,ent-1f02727f8ec3a736bba4ebb76c0e83b8,O Valencia! released from The Crane Wife,2wiki_subcorpus.txt,test_kb,test_workspace
ent-ab89f8aa301e3ea18a6fdfdecb5f1f69,ent-c72f94c02cc6a54a4728a32b4e0ca2c2,O Valencia! tells a story of star-crossed lovers,2wiki_subcorpus.txt,test_kb,test_workspace
ent-49b2e0cf5b002a93f81322fa86316928,ent-ab89f8aa301e3ea18a6fdfdecb5f1f69,The Decemberists wrote music for O Valencia!,2wiki_subcorpus.txt,test_kb,test_workspace
ent-2fb4b9a1bfb2448fa98242b96172ee36,ent-ab89f8aa301e3ea18a6fdfdecb5f1f69,Colin Meloy wrote lyrics for O Valencia!,2wiki_subcorpus.txt,test_kb,test_workspace
ent-49b2e0cf5b002a93f81322fa86316928,ent-1f02727f8ec3a736bba4ebb76c0e83b8,The Decemberists released The Crane Wife,2wiki_subcorpus.txt,test_kb,test_workspace
ent-206852b9306afa2b3c5dc232aab226f1,ent-792eb36394edd0b194e86caf1de44c5e,Nicki Minaj is known as Onika Tanya Maraj-Petty,2wiki_subcorpus.txt,test_kb,test_workspace
ent-206852b9306afa2b3c5dc232aab226f1,ent-592c560bb74906536dd23352df470222,"Nicki Minaj born on December 8, 1982",2wiki_subcorpus.txt,test_kb,test_workspace
ent-206852b9306afa2b3c5dc232aab226f1,ent-63965a52775c39cd64c3ef0248d585b1,Nicki Minaj born in Trinidad and Tobago,2wiki_subcorpus.txt,test_kb,test_workspace
ent-206852b9306afa2b3c5dc232aab226f1,ent-5a8d2cb1632ba8b8925b819762d9a710,Nicki Minaj gained recognition after releasing Playtime Is Over,2wiki_subcorpus.txt,test_kb,test_workspace
ent-206852b9306afa2b3c5dc232aab226f1,ent-7bd6b6378be290539869cf99b3f9ac95,Nicki Minaj released Pink Friday,2wiki_subcorpus.txt,test_kb,test_workspace
ent-7bd6b6378be290539869cf99b3f9ac95,ent-cf9f62d4906d63087d71916c1c94c058,Pink Friday peaked at number one on Billboard,2wiki_subcorpus.txt,test_kb,test_workspace
ent-7bd6b6378be290539869cf99b3f9ac95,ent-1912b5a5489be9ec41154782d17ee8d4,Pink Friday certified Recording Industry Association of America,2wiki_subcorpus.txt,test_kb,test_workspace
ent-206852b9306afa2b3c5dc232aab226f1,ent-253614bbac999b38b5b60cae531c4969,Nicki Minaj album released in 2012,2wiki_subcorpus.txt,test_kb,test_workspace
ent-206852b9306afa2b3c5dc232aab226f1,ent-fcb017c95f9014b31822876741cf7a48,Nicki Minaj was a judge on American Idol,2wiki_subcorpus.txt,test_kb,test_workspace
ent-206852b9306afa2b3c5dc232aab226f1,ent-3570f61dfe8aff068eec24d13635edff,Nicki Minaj album released in The Pinkprint,2wiki_subcorpus.txt,test_kb,test_workspace
ent-206852b9306afa2b3c5dc232aab226f1,ent-2c2d2c0291163b077a372c2a9c5a6eda,Nicki Minaj album released in Queen,2wiki_subcorpus.txt,test_kb,test_workspace
ent-206852b9306afa2b3c5dc232aab226f1,ent-b49882eae96bb41a7fa1feb6aa7acc18,Nicki Minaj included on MTV,2wiki_subcorpus.txt,test_kb,test_workspace
ent-206852b9306afa2b3c5dc232aab226f1,ent-e31973e65df9e631e732ad8593aabb04,Nicki Minaj influential on Time 100,2wiki_subcorpus.txt,test_kb,test_workspace
ent-206852b9306afa2b3c5dc232aab226f1,ent-05a4346784bb1fb7fe52229fd996cb7c,Nicki Minaj song released in Super Bass,2wiki_subcorpus.txt,test_kb,test_workspace
ent-206852b9306afa2b3c5dc232aab226f1,ent-63d836299c30df17f7fa7dbe7a1f5777,Nicki Minaj song released in Starships,2wiki_subcorpus.txt,test_kb,test_workspace
ent-50cc4d98152be05e52d06de830c3aa21,ent-2e83386ece2708413e752eee9adec6da,Caspar Babypants is stage name of Chris Ballew,2wiki_subcorpus.txt,test_kb,test_workspace
ent-2e83386ece2708413e752eee9adec6da,ent-19d35a51fa3798eef82bcfb9aa163db9,Chris Ballew is singer of The Presidents of the United States of America,2wiki_subcorpus.txt,test_kb,test_workspace
ent-051f57947999c6515c340b431598e8e1,ent-5e26c695066f2ae61c6d5f7611d7e09e,Kristian Leontiou born in February 1982,2wiki_subcorpus.txt,test_kb,test_workspace
ent-051f57947999c6515c340b431598e8e1,ent-c7f5e66fcef854dec7a09e5928c9db08,Kristian Leontiou is British,2wiki_subcorpus.txt,test_kb,test_workspace
ent-051f57947999c6515c340b431598e8e1,ent-0b71927df1f0f498668c080e99b4332d,Kristian Leontiou is singer for One eskimO,2wiki_subcorpus.txt,test_kb,test_workspace
ent-dd3cdc2cee32d92dac40153941121952,ent-ca7c0a30df5f4620936cc85c8c62325c,Jim Bob is stage name of James Robert Morrison,2wiki_subcorpus.txt,test_kb,test_workspace
ent-ca7c0a30df5f4620936cc85c8c62325c,ent-c7f5e66fcef854dec7a09e5928c9db08,James Robert Morrison is British,2wiki_subcorpus.txt,test_kb,test_workspace
ent-ca7c0a30df5f4620936cc85c8c62325c,ent-a8ccc0108fdc321697df938a9e3f2305,James Robert Morrison was singer of Carter the Unstoppable Sex Machine,2wiki_subcorpus.txt,test_kb,test_workspace
ent-f035b69e471531db3fc6b5bda282305a,ent-19057cd7a4f566c345bb8893bc95723d,Astrid North is stage name of Astrid Karina North Radmann,2wiki_subcorpus.txt,test_kb,test_workspace
ent-f035b69e471531db3fc6b5bda282305a,ent-f75e910248e52459cea87390ec21d91e,Astrid North born on 24 August 1973,2wiki_subcorpus.txt,test_kb,test_workspace
ent-f035b69e471531db3fc6b5bda282305a,ent-511ed745aca36731957f567f2a8a5e21,Astrid North died in 25 June 2019,2wiki_subcorpus.txt,test_kb,test_workspace
ent-f035b69e471531db3fc6b5bda282305a,ent-ee1611b61f5688e70c12b40684dbb395,Astrid North died in Berlin,2wiki_subcorpus.txt,test_kb,test_workspace
ent-f035b69e471531db3fc6b5bda282305a,ent-86bc3115eb4e9873ac96904a4a68e19e,Astrid North was German,2wiki_subcorpus.txt,test_kb,test_workspace
ent-64643a6977b0a1b4ea23e832f6c8bdf1,ent-1046ecca1bf740bddd6fb8d780795314,Billy Milano born in Bronx,2wiki_subcorpus.txt,test_kb,test_workspace
ent-64643a6977b0a1b4ea23e832f6c8bdf1,ent-087c8f9868f52cf26188d572c5d48945,"Billy Milano based in Austin, Texas",2wiki_subcorpus.txt,test_kb,test_workspace
ent-64643a6977b0a1b4ea23e832f6c8bdf1,ent-183ba228bc09fa499ed4396485b15d08,Billy Milano singer of M.O.D.,2wiki_subcorpus.txt,test_kb,test_workspace
ent-64643a6977b0a1b4ea23e832f6c8bdf1,ent-d9879079676405f46bfb27711bada3f7,Billy Milano singer of Stormtroopers of Death,2wiki_subcorpus.txt,test_kb,test_workspace
ent-64643a6977b0a1b4ea23e832f6c8bdf1,ent-dae312d97b9f4b116c57ee21dd70f985,Billy Milano singer of United Forces,2wiki_subcorpus.txt,test_kb,test_workspace
ent-dae312d97b9f4b116c57ee21dd70f985,ent-feb340a9e1258bf7eec5f01b132ed377,United Forces featured Dan Lilker,2wiki_subcorpus.txt,test_kb,test_workspace
ent-2d8833fc15226225a483f50f7cd0305d,ent-1b2fd1f976de8c361682c73061f3a42b,Limestone Coast is region of South Australian government,2wiki_subcorpus.txt,test_kb,test_workspace
ent-2d8833fc15226225a483f50f7cd0305d,ent-fdde6f78eb47186ba0865b6b9df1ce93,Limestone Coast located in south east of South Australia,2wiki_subcorpus.txt,test_kb,test_workspace
ent-2d8833fc15226225a483f50f7cd0305d,ent-b4b4fe1e07382fd6d09c59b97da1154b,Limestone Coast adjoins Victorian border,2wiki_subcorpus.txt,test_kb,test_workspace
ent-2d8833fc15226225a483f50f7cd0305d,ent-2f16bbc523013d2e862f952ae5a36453,Limestone Coast is tourist region,2wiki_subcorpus.txt,test_kb,test_workspace
ent-2d8833fc15226225a483f50f7cd0305d,ent-aee5ed4a9dd86c963a970e6ea82d80f7,Limestone Coast is wine zone,2wiki_subcorpus.txt,test_kb,test_workspace
ent-8ec6ff38f874893aae1a477ea895228e,ent-a792c7f4757a0b55de7304888afb5e32,Marufabad is village in Kabutarsorkh Rural District,2wiki_subcorpus.txt,test_kb,test_workspace
ent-8ec6ff38f874893aae1a477ea895228e,ent-6138ce7f0af22c927d0fb90a90d606ea,Marufabad located in Central District of Chadegan County,2wiki_subcorpus.txt,test_kb,test_workspace
ent-8ec6ff38f874893aae1a477ea895228e,ent-b3f2af5f20525b2b0a9fcd6e832d25ab,Marufabad located in Isfahan Province,2wiki_subcorpus.txt,test_kb,test_workspace
ent-8ec6ff38f874893aae1a477ea895228e,ent-21fc68909a9eb8692e84cf64e495213e,Marufabad located in Iran,2wiki_subcorpus.txt,test_kb,test_workspace
ent-8ec6ff38f874893aae1a477ea895228e,ent-647bba344396e7c8170902bcf2e15551,Marufabad population was 545,2wiki_subcorpus.txt,test_kb,test_workspace
ent-4a43fbcf7bdd1b37d9b048bbeaf083de,ent-461c82202fa9fea8df8287f40669f9fd,Ascension Island country code + 247,2wiki_subcorpus.txt,test_kb,test_workspace
ent-4a43fbcf7bdd1b37d9b048bbeaf083de,ent-b4b147bc522828731f1a016bfa72c073,Ascension Island international call prefix 00,2wiki_subcorpus.txt,test_kb,test_workspace
ent-4a43fbcf7bdd1b37d9b048bbeaf083de,ent-ff6655718a257f3aa50ec89cbd7691c4,Ascension Island does not share country code with St Helena,2wiki_subcorpus.txt,test_kb,test_workspace
ent-ff6655718a257f3aa50ec89cbd7691c4,ent-414b59036fa8957ec0455b6c9f2ece57,St Helena uses country code +290,2wiki_subcorpus.txt,test_kb,test_workspace
ent-f1e0124c18709dbd4cd9a8b6e07e4283,ent-d50d0152e568f37a3b92677f3c0e2bec,Jawty located in Gmina Susz,2wiki_subcorpus.txt,test_kb,test_workspace
ent-f1e0124c18709dbd4cd9a8b6e07e4283,ent-c2310560e07dac34ef16553cc05ba5eb,Jawty located in Iława County,2wiki_subcorpus.txt,test_kb,test_workspace
ent-f1e0124c18709dbd4cd9a8b6e07e4283,ent-b2f37b93df37cecb314c373ecb0bd3c3,Jawty located in Warmian-Masurian Voivodeship,2wiki_subcorpus.txt,test_kb,test_workspace
ent-f1e0124c18709dbd4cd9a8b6e07e4283,ent-94880bda83bda77c5692876700711f15,Jawty located in Poland,2wiki_subcorpus.txt,test_kb,test_workspace
ent-bec7aad3d289f92f2411cebb70296c7e,ent-766cfa97af30a5c74aa8361c7137583d,Pritzerbe Ferry crosses Havel River,2wiki_subcorpus.txt,test_kb,test_workspace
ent-bec7aad3d289f92f2411cebb70296c7e,ent-2ddb2d82267087ce442c1a4a3d972c06,Pritzerbe Ferry located in Brandenburg,2wiki_subcorpus.txt,test_kb,test_workspace
ent-bec7aad3d289f92f2411cebb70296c7e,ent-d8b00929dec65d422303256336ada04f,Pritzerbe Ferry located in Germany,2wiki_subcorpus.txt,test_kb,test_workspace
ent-5f0aa1022007b52c02957fe3fc7fa783,ent-c6db08747250510bb57b999b956b67fa,Radzice located in Gmina Drzewica,2wiki_subcorpus.txt,test_kb,test_workspace
ent-5f0aa1022007b52c02957fe3fc7fa783,ent-ad345844fdf0dd8949c356ac9ea235d8,Radzice located in Opoczno County,2wiki_subcorpus.txt,test_kb,test_workspace
ent-5f0aa1022007b52c02957fe3fc7fa783,ent-70ceead21fed4f9f2120ed2096aac836,Radzice located in Łódź Voivodeship,2wiki_subcorpus.txt,test_kb,test_workspace
ent-5f0aa1022007b52c02957fe3fc7fa783,ent-94880bda83bda77c5692876700711f15,Radzice located in Poland,2wiki_subcorpus.txt,test_kb,test_workspace
ent-c1d078ce2b6020145ec18b677157e4c7,ent-d50d0152e568f37a3b92677f3c0e2bec,Lubnowy located in Gmina Susz,2wiki_subcorpus.txt,test_kb,test_workspace
ent-c1d078ce2b6020145ec18b677157e4c7,ent-d50d0152e568f37a3b92677f3c0e2bec,Lubnowy is part of Gmina Susz,2wiki_subcorpus.txt,test_kb,test_workspace
ent-c1d078ce2b6020145ec18b677157e4c7,ent-c2310560e07dac34ef16553cc05ba5eb,Lubnowy located in Iława County,2wiki_subcorpus.txt,test_kb,test_workspace
ent-c1d078ce2b6020145ec18b677157e4c7,ent-b2f37b93df37cecb314c373ecb0bd3c3,Lubnowy located in Warmian-Masurian Voivodeship,2wiki_subcorpus.txt,test_kb,test_workspace
ent-c1d078ce2b6020145ec18b677157e4c7,ent-94880bda83bda77c5692876700711f15,Lubnowy located in Poland,2wiki_subcorpus.txt,test_kb,test_workspace
ent-9c11df8648825000bdf8466d4239e5ec,ent-6863c9c5f717797a0b0cf02ca38256e8,Tunstall is unincorporated community,2wiki_subcorpus.txt,test_kb,test_workspace
ent-9c11df8648825000bdf8466d4239e5ec,ent-d4fe73d0404548972d0043873fdf4707,Tunstall located in New Kent County,2wiki_subcorpus.txt,test_kb,test_workspace
ent-d4fe73d0404548972d0043873fdf4707,ent-c8b287075ce4f11c834d2a0ada967ddc,New Kent County located in Virginia,2wiki_subcorpus.txt,test_kb,test_workspace
ent-c8b287075ce4f11c834d2a0ada967ddc,ent-f253efe302d32ab264a76e0ce65be769,Virginia located in United States,2wiki_subcorpus.txt,test_kb,test_workspace
ent-79b03995ded1ad6bcfb827a593d133d2,ent-9c11df8648825000bdf8466d4239e5ec,Foster's Castle located in Tunstall,2wiki_subcorpus.txt,test_kb,test_workspace
ent-79b03995ded1ad6bcfb827a593d133d2,ent-4610f80e84c486f2cf995c0e7e1ffbff,Foster's Castle listed on National Register of Historic Places,2wiki_subcorpus.txt,test_kb,test_workspace
ent-52bfa6454d18c226ea7874120d0eb55e,ent-9c11df8648825000bdf8466d4239e5ec,Hampstead located in Tunstall,2wiki_subcorpus.txt,test_kb,test_workspace
ent-52bfa6454d18c226ea7874120d0eb55e,ent-4610f80e84c486f2cf995c0e7e1ffbff,Hampstead listed on National Register of Historic Places,2wiki_subcorpus.txt,test_kb,test_workspace
ent-48d4f932ef01eced0163414d05618ba5,ent-9aa51149b576a1e5cc9594bf5a5f9f1e,Nasamkhrali previously known as Nasomkhari,2wiki_subcorpus.txt,test_kb,test_workspace
ent-48d4f932ef01eced0163414d05618ba5,ent-6e2301cee3245e5c3036242feb571405,Nasamkhrali located in Telavi district,2wiki_subcorpus.txt,test_kb,test_workspace
ent-6e2301cee3245e5c3036242feb571405,ent-eada819634d0164c6a7547bdcc405033,Telavi district located in Georgia,2wiki_subcorpus.txt,test_kb,test_workspace
ent-10073ddf1970bcb692cea94a0b6e2c99,ent-3804f93fb20e5b9f2cb426f3480aae03,Altid ballade is Danish drama film,2wiki_subcorpus.txt,test_kb,test_workspace
ent-28a2837726c6884566547c14f092ac4e,ent-7ee755920a07aeddef8a78c6ae4c4655,Aldri annet enn bråk is Norwegian comedy-drama film,2wiki_subcorpus.txt,test_kb,test_workspace
ent-28a2837726c6884566547c14f092ac4e,ent-5a7f963e5e0504740c3a6b10bb6d4fa5,Aldri annet enn bråk released in 1954,2wiki_subcorpus.txt,test_kb,test_workspace
ent-28a2837726c6884566547c14f092ac4e,ent-ffcb1410874949cc59bf482616d2330f,Aldri annet enn bråk edited by Edith Carlmar,2wiki_subcorpus.txt,test_kb,test_workspace
ent-28a2837726c6884566547c14f092ac4e,ent-f4830432874f86d2e2a1a5f2dbebbc80,Aldri annet enn bråk takes place in Oslo,2wiki_subcorpus.txt,test_kb,test_workspace
ent-28a2837726c6884566547c14f092ac4e,ent-42e14bfe12a5719b22b3e27323b1547a,Aldri annet enn bråk English title is Nothing but trouble,2wiki_subcorpus.txt,test_kb,test_workspace
ent-10073ddf1970bcb692cea94a0b6e2c99,ent-a8b2e367862ec093d8754f1630e57739,Altid ballade is Danish remake,2wiki_subcorpus.txt,test_kb,test_workspace
ent-10073ddf1970bcb692cea94a0b6e2c99,ent-378a063b8fdb1db941e34f4bde584c7d,Altid ballade released in 1955,2wiki_subcorpus.txt,test_kb,test_workspace
ent-10073ddf1970bcb692cea94a0b6e2c99,ent-951da8d6431ac984afa5908661ddb665,Altid ballade directed by Gabriel Axel,2wiki_subcorpus.txt,test_kb,test_workspace
ent-5fc73fb1cc5c737f76cabafbe808dcb0,ent-e6ad94e79372cd614921d33b8f7c3a35,Dan Milne is British actor/director,2wiki_subcorpus.txt,test_kb,test_workspace
ent-5fc73fb1cc5c737f76cabafbe808dcb0,ent-4f2140ff90457eccdee33c98577c3abf,Dan Milne known for role in EastEnders,2wiki_subcorpus.txt,test_kb,test_workspace
ent-40d4c15b32bda470c9bc53acced001eb,ent-3f653ea5b228107cfdd4de5a6408524c,Ben Palmer is British film and television director,2wiki_subcorpus.txt,test_kb,test_workspace
ent-40d4c15b32bda470c9bc53acced001eb,ent-0afa91ceaa17feb661eecabd84845442,Ben Palmer director of Bo' Selecta,2wiki_subcorpus.txt,test_kb,test_workspace
ent-40d4c15b32bda470c9bc53acced001eb,ent-b5a28575d265a4d555b27e13c782e5a7,Ben Palmer director of The Inbetweeners,2wiki_subcorpus.txt,test_kb,test_workspace
ent-ffcb1410874949cc59bf482616d2330f,ent-283f38dbbf46d2bdabee846fb958dd53,Edith Carlmar also known as Edith Mary Johanne Mathiesen,2wiki_subcorpus.txt,test_kb,test_workspace
ent-ffcb1410874949cc59bf482616d2330f,ent-3b35fdad0ec586e959c32034c6145a7c,Edith Carlmar born on 15 November 1911,2wiki_subcorpus.txt,test_kb,test_workspace
ent-ffcb1410874949cc59bf482616d2330f,ent-20b55d8dd8707f2c6aa94215ff63caaa,Edith Carlmar died on 17 May 2003,2wiki_subcorpus.txt,test_kb,test_workspace
ent-ffcb1410874949cc59bf482616d2330f,ent-ede6f4ad02cbbddc783a74d6e4d92a75,Edith Carlmar was Norwegian actress,2wiki_subcorpus.txt,test_kb,test_workspace
ent-ffcb1410874949cc59bf482616d2330f,ent-d5b9290a0b67727d4ba1ca6059dc31a6,Edith Carlmar first female film director in Norway,2wiki_subcorpus.txt,test_kb,test_workspace
ent-ffcb1410874949cc59bf482616d2330f,ent-46fe276725ef7b37e8334696d4509d90,Edith Carlmar known for films such as Fjols til fjells,2wiki_subcorpus.txt,test_kb,test_workspace
ent-ffcb1410874949cc59bf482616d2330f,ent-28a2837726c6884566547c14f092ac4e,Edith Carlmar directed Aldri annet enn bråk,2wiki_subcorpus.txt,test_kb,test_workspace
ent-ffcb1410874949cc59bf482616d2330f,ent-fe8de316e3dbffb405c7c6252d39a04f,Edith Carlmar directed Ung flukt,2wiki_subcorpus.txt,test_kb,test_workspace
ent-fe8de316e3dbffb405c7c6252d39a04f,ent-e4dd5528f7596dcdf871aa55cfccc53c,Ung flukt released in 1959,2wiki_subcorpus.txt,test_kb,test_workspace
ent-93abcad4b218e4d46f94d7c724192ef1,ent-7d2b0ae9207ed88ea51fa828839df5f9,Døden er et kjærtegnDeath is a Caress considered Norway's first film noir,2wiki_subcorpus.txt,test_kb,test_workspace
ent-fe8de316e3dbffb405c7c6252d39a04f,ent-d50bab74bd0885eb0d03b9737ec8b82e,Ung flukt introduced Liv Ullmann,2wiki_subcorpus.txt,test_kb,test_workspace
ent-ffcb1410874949cc59bf482616d2330f,ent-e6b58a1af4caa9e28bf1f44c33edc738,Edith Carlmar came from East Oslo,2wiki_subcorpus.txt,test_kb,test_workspace
ent-ffcb1410874949cc59bf482616d2330f,ent-41c48b6d3fa512bdd973126ebcfd719a,Edith Carlmar married Otto Carlmar,2wiki_subcorpus.txt,test_kb,test_workspace
ent-ffcb1410874949cc59bf482616d2330f,ent-11108a3dbfe4636cb40b84b803b2fff6,Edith Carlmar became actress in 1936,2wiki_subcorpus.txt,test_kb,test_workspace
ent-ffcb1410874949cc59bf482616d2330f,ent-2e1bcdad4284dfdbefda0acc118dc78d,Edith Carlmar met Tancred Ibsen,2wiki_subcorpus.txt,test_kb,test_workspace
ent-14645f8eb80d589805993ab4157f5c19,ent-5d88e3c3eb52e25e010ae2e15914055b,Logan Sandler is American writer and director,2wiki_subcorpus.txt,test_kb,test_workspace
ent-14645f8eb80d589805993ab4157f5c19,ent-25260687f533a113587195026ead39a6,Logan Sandler known for Live Cargo,2wiki_subcorpus.txt,test_kb,test_workspace
ent-4bc73725702e2307159f437b0526fe34,ent-feb1042918a7e33a1f3eb0bec882dc92,God's Gift to Women is American film,2wiki_subcorpus.txt,test_kb,test_workspace
ent-4bc73725702e2307159f437b0526fe34,ent-2362fcf152b1b9b273b3d4552151243a,God's Gift to Women directed by Michael Curtiz,2wiki_subcorpus.txt,test_kb,test_workspace
ent-4bc73725702e2307159f437b0526fe34,ent-3d5ecfb4f38aaebc22b7fe886c737904,God's Gift to Women stars Frank Fay,2wiki_subcorpus.txt,test_kb,test_workspace
ent-4bc73725702e2307159f437b0526fe34,ent-50d82e3eb6b3cbe0a914eec18bdc06d3,God's Gift to Women stars Laura LaPlante,2wiki_subcorpus.txt,test_kb,test_workspace
ent-4bc73725702e2307159f437b0526fe34,ent-916bbe31d43978cd7c1dc22b30b54e73,God's Gift to Women stars Joan Blondell,2wiki_subcorpus.txt,test_kb,test_workspace
ent-4bc73725702e2307159f437b0526fe34,ent-eb10695f31a292ca2b0fa51fa778470c,God's Gift to Women based on The Devil Was Sick,2wiki_subcorpus.txt,test_kb,test_workspace
ent-eb10695f31a292ca2b0fa51fa778470c,ent-b8d41778176b36631e1460f91e18232f,The Devil Was Sick written by Jane Hinton,2wiki_subcorpus.txt,test_kb,test_workspace
ent-4bc73725702e2307159f437b0526fe34,ent-d97117303e6fed835785405477cdcc7a,God's Gift to Women completed as musical film,2wiki_subcorpus.txt,test_kb,test_workspace
ent-2362fcf152b1b9b273b3d4552151243a,ent-ccd33f4990f590c551b3b9b2bfeccdb8,Michael Curtiz born as Manó Kaminer,2wiki_subcorpus.txt,test_kb,test_workspace
ent-2362fcf152b1b9b273b3d4552151243a,ent-765f95006037f3b0db845aa13d82b75f,Michael Curtiz born as Mihály Kertész,2wiki_subcorpus.txt,test_kb,test_workspace
ent-2362fcf152b1b9b273b3d4552151243a,ent-2fb1c28dfda46f37a68444117316884e,"Michael Curtiz born on December 24, 1886",2wiki_subcorpus.txt,test_kb,test_workspace
ent-2362fcf152b1b9b273b3d4552151243a,ent-7f3760fbee6eb26a4c862cf29362f0e5,"Michael Curtiz died on April 11, 1962",2wiki_subcorpus.txt,test_kb,test_workspace
ent-2362fcf152b1b9b273b3d4552151243a,ent-a33f8e656e4344c1ddf9f32b26d208e9,Michael Curtiz was Hungarian-born American,2wiki_subcorpus.txt,test_kb,test_workspace
ent-2362fcf152b1b9b273b3d4552151243a,ent-bbbb353f97614e3064ec16b55d3897ca,Michael Curtiz invited by Warner Bros.,2wiki_subcorpus.txt,test_kb,test_workspace
ent-bbbb353f97614e3064ec16b55d3897ca,ent-5103c3584b063c431bd1268e9b5e76fb,Warner Bros. invited to Hollywood in 1926,2wiki_subcorpus.txt,test_kb,test_workspace
ent-2362fcf152b1b9b273b3d4552151243a,ent-1823142394409e254a93f4b1f23336e1,Michael Curtiz directed James Cagney,2wiki_subcorpus.txt,test_kb,test_workspace
ent-2362fcf152b1b9b273b3d4552151243a,ent-5fcb4357a68523ec40d10db5b725acd1,Michael Curtiz directed Joan Crawford,2wiki_subcorpus.txt,test_kb,test_workspace
ent-2362fcf152b1b9b273b3d4552151243a,ent-8736a22ae3c8a612c2ceded2a4f3b31a,Michael Curtiz put on screen Doris Day,2wiki_subcorpus.txt,test_kb,test_workspace
ent-2362fcf152b1b9b273b3d4552151243a,ent-f86472cc3b25f57ea01286cc065463c9,Michael Curtiz put on screen John Garfield,2wiki_subcorpus.txt,test_kb,test_workspace
ent-2362fcf152b1b9b273b3d4552151243a,ent-c0fd71d9c99b135eb2d3676d47ea7fe5,Michael Curtiz made star Errol Flynn,2wiki_subcorpus.txt,test_kb,test_workspace
ent-2362fcf152b1b9b273b3d4552151243a,ent-d71819ea9399b4e74dc036be0b3cdb66,Michael Curtiz made star Olivia de Havilland,2wiki_subcorpus.txt,test_kb,test_workspace
ent-2362fcf152b1b9b273b3d4552151243a,ent-61266e1d8493fd280dd1f5107992aa7c,Michael Curtiz made star Bette Davis,2wiki_subcorpus.txt,test_kb,test_workspace
ent-2362fcf152b1b9b273b3d4552151243a,ent-adf20488d00fb576b16546b1c93611b4,Michael Curtiz won Academy Award for Casablanca,2wiki_subcorpus.txt,test_kb,test_workspace
ent-2362fcf152b1b9b273b3d4552151243a,ent-7475e05a34436742233dfb46b9f56229,Michael Curtiz directed Sons of Liberty,2wiki_subcorpus.txt,test_kb,test_workspace
ent-32625447f1b3984b57e6e95ce64c0520,ent-6b127fddb3273e69b31b4c32df311e8e,"Elliot Silverstein born on August 3, 1927",2wiki_subcorpus.txt,test_kb,test_workspace
ent-32625447f1b3984b57e6e95ce64c0520,ent-cb725823157e6b10da8fa376c2e1b013,Elliot Silverstein born in Boston,2wiki_subcorpus.txt,test_kb,test_workspace
ent-32625447f1b3984b57e6e95ce64c0520,ent-7d07b15a160712cc823f7a117fb9b2c1,Elliot Silverstein born in Massachusetts,2wiki_subcorpus.txt,test_kb,test_workspace
ent-32625447f1b3984b57e6e95ce64c0520,ent-c6c6f067a3ead9ce67a1c67a790fa26b,Elliot Silverstein is American,2wiki_subcorpus.txt,test_kb,test_workspace
ent-32625447f1b3984b57e6e95ce64c0520,ent-4bd5b98be46de61f084af89067b83c7c,Elliot Silverstein directed Cat Ballou,2wiki_subcorpus.txt,test_kb,test_workspace
ent-00ef85c68da53560742c3560de54c023,ent-856b07c3006f74fa2dbd6a534612ab0d,Scott Fox is pornographic film director,2wiki_subcorpus.txt,test_kb,test_workspace
ent-00ef85c68da53560742c3560de54c023,ent-83e0c857670a8407f4613c1c166761da,Scott Fox member of AVN Hall of Fame,2wiki_subcorpus.txt,test_kb,test_workspace
ent-8703ee3a28b12330bfec5f67c1914347,ent-a3fe55fbead6afd06523549e611c98f7,El Tonto written and directed by Charlie Day,2wiki_subcorpus.txt,test_kb,test_workspace
ent-a62c6d63ccb2e40709110b1360a6ec14,ent-bac84389091f05f7b0aacadd1abbbb45,The Heart of Doreon also known as In the Heart of Doreon,2wiki_subcorpus.txt,test_kb,test_workspace
ent-a62c6d63ccb2e40709110b1360a6ec14,ent-f41e40611f11b2606eafe7fd6cb779f2,The Heart of Doreon also known as The Heart of Dorean,2wiki_subcorpus.txt,test_kb,test_workspace
ent-a62c6d63ccb2e40709110b1360a6ec14,ent-0b1ff139217f81df9fe7c6cc1715757f,The Heart of Doreon produced by Cyrus J. Williams,2wiki_subcorpus.txt,test_kb,test_workspace
ent-a62c6d63ccb2e40709110b1360a6ec14,ent-c7d1f42f8057d1b25be8c0fbea0a1453,The Heart of Doreon distributed by Pathé Exchange,2wiki_subcorpus.txt,test_kb,test_workspace
ent-a62c6d63ccb2e40709110b1360a6ec14,ent-5a98dcfcd49233ef38bfbcbaa2635448,The Heart of Doreon directed by Robert North Bradbury,2wiki_subcorpus.txt,test_kb,test_workspace
ent-f2b6d85cfdd82d90b136f1e86b026427,ent-a62c6d63ccb2e40709110b1360a6ec14,Tom Santschi stars in The Heart of Doreon,2wiki_subcorpus.txt,test_kb,test_workspace
ent-245020eddf2107ddc9e07505c96655b0,ent-a62c6d63ccb2e40709110b1360a6ec14,Ruth Stonehouse stars in The Heart of Doreon,2wiki_subcorpus.txt,test_kb,test_workspace
ent-b473900b6b4bb5f9f843cdf5b203c8a8,ent-2a6aa04e0e1acb7936c71c790b3a3e11,Ringo-en no shōjo art director was Tomoo Shimogawara,2wiki_subcorpus.txt,test_kb,test_workspace
ent-4b7493d33818a95dad73c01f403d27e1,ent-16ea0353b550910aef64913fc7d8a1e3,"Charles Peckham Day born on February 9, 1976",2wiki_subcorpus.txt,test_kb,test_workspace
ent-4b7493d33818a95dad73c01f403d27e1,ent-c6c6f067a3ead9ce67a1c67a790fa26b,Charles Peckham Day is American,2wiki_subcorpus.txt,test_kb,test_workspace
ent-4b7493d33818a95dad73c01f403d27e1,ent-9b0619da125f1c1789ee189573c2b261,Charles Peckham Day is known for playing Charlie Kelly,2wiki_subcorpus.txt,test_kb,test_workspace
ent-4b7493d33818a95dad73c01f403d27e1,ent-824433e6525500b7bbc37f6667fa5207,Charles Peckham Day stars in It's Always Sunny in Philadelphia,2wiki_subcorpus.txt,test_kb,test_workspace
ent-4b7493d33818a95dad73c01f403d27e1,ent-6ae8bdf50af5e2e3f43ce7436e89209c,Charles Peckham Day nominated for Critics' Choice Television Award for Best Actor in a Comedy Series,2wiki_subcorpus.txt,test_kb,test_workspace
ent-4b7493d33818a95dad73c01f403d27e1,ent-c8758b517083196f05ac29810b924aca,Charles Peckham Day nominated in 2011,2wiki_subcorpus.txt,test_kb,test_workspace
ent-4b7493d33818a95dad73c01f403d27e1,ent-3ecde52d76b8ff281eb735d736f34f3b,Charles Peckham Day is known for role as Dale,2wiki_subcorpus.txt,test_kb,test_workspace
ent-3ecde52d76b8ff281eb735d736f34f3b,ent-26fea923d3f11ef63692e4b38364e557,Dale appears in Horrible Bosses,2wiki_subcorpus.txt,test_kb,test_workspace
ent-26fea923d3f11ef63692e4b38364e557,ent-c8758b517083196f05ac29810b924aca,Horrible Bosses released in 2011,2wiki_subcorpus.txt,test_kb,test_workspace
ent-26fea923d3f11ef63692e4b38364e557,ent-cee8d6b7ce52554fd70354e37bbf44a2,Horrible Bosses has sequel in 2014,2wiki_subcorpus.txt,test_kb,test_workspace
ent-4b7493d33818a95dad73c01f403d27e1,ent-ae5876824662dc3c02782faa2c1d097b,Charles Peckham Day appears in Monsters University,2wiki_subcorpus.txt,test_kb,test_workspace
ent-ae5876824662dc3c02782faa2c1d097b,ent-8038da89e49ac5eabb489cfc6cea9fc1,Monsters University released in 2013,2wiki_subcorpus.txt,test_kb,test_workspace
ent-4b7493d33818a95dad73c01f403d27e1,ent-a923a39bee8d4d26fbc2a78146a1fcab,Charles Peckham Day appears in Pacific Rim,2wiki_subcorpus.txt,test_kb,test_workspace
ent-a923a39bee8d4d26fbc2a78146a1fcab,ent-8038da89e49ac5eabb489cfc6cea9fc1,Pacific Rim released in 2013,2wiki_subcorpus.txt,test_kb,test_workspace
ent-5a98dcfcd49233ef38bfbcbaa2635448,ent-1fc95b3cd826f5b09bd5d3f6c334c870,"Robert North Bradbury born on March 23, 1886",2wiki_subcorpus.txt,test_kb,test_workspace
ent-5a98dcfcd49233ef38bfbcbaa2635448,ent-f57a9d9d9ce345779f182ff2face3b51,"Robert North Bradbury died on November 24, 1949",2wiki_subcorpus.txt,test_kb,test_workspace
ent-5a98dcfcd49233ef38bfbcbaa2635448,ent-5be25cca243da48f6ea1abd955fbea40,Robert North Bradbury died in Glendale,2wiki_subcorpus.txt,test_kb,test_workspace
ent-5a98dcfcd49233ef38bfbcbaa2635448,ent-c202ea8aa0af4f6f653ba317032f56d3,Robert North Bradbury was American film director and screenwriter,2wiki_subcorpus.txt,test_kb,test_workspace
ent-5a98dcfcd49233ef38bfbcbaa2635448,ent-da37315724e1e38c001ca3e9ad298237,Robert North Bradbury directed 125 movies,2wiki_subcorpus.txt,test_kb,test_workspace
ent-5a98dcfcd49233ef38bfbcbaa2635448,ent-4e38bdc3a49e3a6dc35a4741daedb65f,Robert North Bradbury directed Riders of Destiny,2wiki_subcorpus.txt,test_kb,test_workspace
ent-5a98dcfcd49233ef38bfbcbaa2635448,ent-2bcf187b90b6a1fbb98cbfa2f65b5c97,Robert North Bradbury directed The Lucky Texan,2wiki_subcorpus.txt,test_kb,test_workspace
ent-5a98dcfcd49233ef38bfbcbaa2635448,ent-89c29c58e84b3aafcd22b672c9eec149,Robert North Bradbury directed West of the Divide,2wiki_subcorpus.txt,test_kb,test_workspace
ent-5a98dcfcd49233ef38bfbcbaa2635448,ent-bb958b569fb182bbca957698aab75cd1,Robert North Bradbury directed Blue Steel,2wiki_subcorpus.txt,test_kb,test_workspace
ent-5a98dcfcd49233ef38bfbcbaa2635448,ent-8806e8782a2c9666ed2a383d489e3274,Robert North Bradbury directed The Man From Utah,2wiki_subcorpus.txt,test_kb,test_workspace
ent-5a98dcfcd49233ef38bfbcbaa2635448,ent-40aa9f352af7e467c1a931e4ebe5b301,Robert North Bradbury directed The Star Packer,2wiki_subcorpus.txt,test_kb,test_workspace
ent-5a98dcfcd49233ef38bfbcbaa2635448,ent-db31e1dd3ff1769ecf91070d6fe59b34,Robert North Bradbury directed The Trail Beyond,2wiki_subcorpus.txt,test_kb,test_workspace
ent-5a98dcfcd49233ef38bfbcbaa2635448,ent-ea96363b184492e57a33456ff874a08e,Robert North Bradbury directed The Lawless Frontier,2wiki_subcorpus.txt,test_kb,test_workspace
ent-5a98dcfcd49233ef38bfbcbaa2635448,ent-713902ef10d1f2f2c1428fe8f08ee254,Robert North Bradbury directed Texas Terror,2wiki_subcorpus.txt,test_kb,test_workspace
ent-5a98dcfcd49233ef38bfbcbaa2635448,ent-3ae5145b450829766be35b8857bec7d2,Robert North Bradbury directed Rainbow Valley,2wiki_subcorpus.txt,test_kb,test_workspace
ent-5a98dcfcd49233ef38bfbcbaa2635448,ent-039eb3860373208963f739e49b328334,Robert North Bradbury directed The Dawn,2wiki_subcorpus.txt,test_kb,test_workspace
ent-172170fc98717e4b6db0616b1d564f42,ent-4d8556695c262ab91ff51a943fdd6058,Wale Adebanwi born in 1969,2wiki_subcorpus.txt,test_kb,test_workspace
ent-172170fc98717e4b6db0616b1d564f42,ent-51469a39032d4ba68f321eafd50ab484,Wale Adebanwi is Black Rhodes Professor,2wiki_subcorpus.txt,test_kb,test_workspace
ent-172170fc98717e4b6db0616b1d564f42,ent-957124df6e098620bc4a312b18e5dad7,Wale Adebanwi associated with St Antony's College,2wiki_subcorpus.txt,test_kb,test_workspace
ent-172170fc98717e4b6db0616b1d564f42,ent-e2f4de9acb09eaa5bd699e149e2d33d3,Wale Adebanwi born in Nigerian,2wiki_subcorpus.txt,test_kb,test_workspace
ent-957124df6e098620bc4a312b18e5dad7,ent-f0dddde0d04dc3b9ec79302c612a3fae,St Antony's College located in Oxford,2wiki_subcorpus.txt,test_kb,test_workspace
ent-e917b004f61ade5c1c2d457a05c2df3e,ent-9f6992966d4c363ea0162a056cb45fe5,The Heart of Maryland released in 1921,2wiki_subcorpus.txt,test_kb,test_workspace
ent-e917b004f61ade5c1c2d457a05c2df3e,ent-0161a644131dbbe1869618a23a7ecfca,The Heart of Maryland produced by Vitagraph Company of America,2wiki_subcorpus.txt,test_kb,test_workspace
ent-e917b004f61ade5c1c2d457a05c2df3e,ent-4a038c1f4908461b5856b8ef233859e1,The Heart of Maryland based on play by David Belasco,2wiki_subcorpus.txt,test_kb,test_workspace
ent-e25802b266cfcd8bbca7c536c3d4bb0f,ent-0161a644131dbbe1869618a23a7ecfca,Warner Brothers acquired Vitagraph Company of America,2wiki_subcorpus.txt,test_kb,test_workspace
ent-e25802b266cfcd8bbca7c536c3d4bb0f,ent-e5b294b70c9647dcf804d7baa1903918,Warner Brothers remade in 1927,2wiki_subcorpus.txt,test_kb,test_workspace
ent-e25802b266cfcd8bbca7c536c3d4bb0f,ent-0950ca92a4dcf426067cfd2246bb5ff3,Warner Brothers acquired in 1925,2wiki_subcorpus.txt,test_kb,test_workspace
ent-aff30f9dec8b3c673745acc6883bb788,ent-cd63a3eec3319fd9c84c942a08316e00,Henry Walter Moore born in 1849,2wiki_subcorpus.txt,test_kb,test_workspace
ent-aff30f9dec8b3c673745acc6883bb788,ent-3a9e257d0db42f38ec5d53098c7ddcb3,Henry Walter Moore died on 20 August 1916,2wiki_subcorpus.txt,test_kb,test_workspace
ent-aff30f9dec8b3c673745acc6883bb788,ent-78463a384a5aa4fad5fa73e2f506ecfc,Henry Walter Moore born in English,2wiki_subcorpus.txt,test_kb,test_workspace
ent-aff30f9dec8b3c673745acc6883bb788,ent-c51ed580ea5e20c910d951f692512b4d,Henry Walter Moore lived in New Zealand,2wiki_subcorpus.txt,test_kb,test_workspace
ent-f15081530810fed381fc32d0970bde35,ent-0f51ec35ea6f568015a8139d409ad9d6,Hartley W Lobban born on 9 May 1926,2wiki_subcorpus.txt,test_kb,test_workspace
ent-f15081530810fed381fc32d0970bde35,ent-0f51ec35ea6f568015a8139d409ad9d6,Hartley W Lobban born on 9 May 1926,2wiki_subcorpus.txt,test_kb,test_workspace
ent-f15081530810fed381fc32d0970bde35,ent-1762be609c08bd6a851d982b9b93647b,Hartley W Lobban died on 15 October 2004,2wiki_subcorpus.txt,test_kb,test_workspace
ent-f15081530810fed381fc32d0970bde35,ent-caf63a12ac2cd1cc1deddd1184b1b9d0,Hartley W Lobban born in Jamaican,2wiki_subcorpus.txt,test_kb,test_workspace
ent-f15081530810fed381fc32d0970bde35,ent-793c90afab8ac3c7d25a37c6c9a09f90,Hartley W Lobban played for Worcestershire,2wiki_subcorpus.txt,test_kb,test_workspace
ent-8f6225d6c211e42688c1b9188794d602,ent-1a7a8cada0837f3439e8326653d7a049,John William Joseph McMahon born on 28 December 1917,2wiki_subcorpus.txt,test_kb,test_workspace
ent-8f6225d6c211e42688c1b9188794d602,ent-200101bc717f82f91d7fddcc2e537d4b,John William Joseph McMahon died on 8 May 2001,2wiki_subcorpus.txt,test_kb,test_workspace
ent-8f6225d6c211e42688c1b9188794d602,ent-c303d552499c2607546d8410644bf2fe,John William Joseph McMahon born in Australian,2wiki_subcorpus.txt,test_kb,test_workspace
ent-8f6225d6c211e42688c1b9188794d602,ent-f1f8cb000a78018601da3da6d0327057,John William Joseph McMahon played for Surrey,2wiki_subcorpus.txt,test_kb,test_workspace
ent-8f6225d6c211e42688c1b9188794d602,ent-05b58b67166d2e5dd34e0b811df3454a,John William Joseph McMahon played for Somerset,2wiki_subcorpus.txt,test_kb,test_workspace
ent-8f6225d6c211e42688c1b9188794d602,ent-64f607906be7598a02d75dbc1e979662,John William Joseph McMahon played in England,2wiki_subcorpus.txt,test_kb,test_workspace
ent-8f6225d6c211e42688c1b9188794d602,ent-de03beffeed9da5f3639a621bcab5dd4,John William Joseph McMahon played from 1947,2wiki_subcorpus.txt,test_kb,test_workspace
ent-8f6225d6c211e42688c1b9188794d602,ent-277a78fc05c8864a170e9a56ceeabc4c,John William Joseph McMahon played until 1957,2wiki_subcorpus.txt,test_kb,test_workspace
ent-a83ad7c0d8eea71e9cce486d04437e55,ent-faf36c7d793e1bc6e5a0e23b74c7dcf6,Aivar Kuusmaa born on 12 June 1967,2wiki_subcorpus.txt,test_kb,test_workspace
ent-a83ad7c0d8eea71e9cce486d04437e55,ent-7554c7b4fa14805b22cc10019f503cb0,Aivar Kuusmaa is Estonian basketball coach,2wiki_subcorpus.txt,test_kb,test_workspace
ent-a83ad7c0d8eea71e9cce486d04437e55,ent-f5cd7680ecb34356123406d900e6bb77,Aivar Kuusmaa is former professional basketball player,2wiki_subcorpus.txt,test_kb,test_workspace
ent-a83ad7c0d8eea71e9cce486d04437e55,ent-8a81ad1bd99890380e505e506282c3cc,Aivar Kuusmaa played in USSR Premier Basketball League,2wiki_subcorpus.txt,test_kb,test_workspace
ent-a83ad7c0d8eea71e9cce486d04437e55,ent-96055f5b06bf9381ac43879351642cf5,Aivar Kuusmaa won 1991,2wiki_subcorpus.txt,test_kb,test_workspace
ent-a83ad7c0d8eea71e9cce486d04437e55,ent-7d94d7c635573da152c1f743ea7f9a92,Aivar Kuusmaa played for Tallinn Kalev,2wiki_subcorpus.txt,test_kb,test_workspace
ent-a83ad7c0d8eea71e9cce486d04437e55,ent-7755415a9fe7022060b98a689236ccd2,Aivar Kuusmaa played in Estonia,2wiki_subcorpus.txt,test_kb,test_workspace
ent-a83ad7c0d8eea71e9cce486d04437e55,ent-6b718641741f992e68ec3712718561b8,Aivar Kuusmaa played in Greece,2wiki_subcorpus.txt,test_kb,test_workspace
ent-a83ad7c0d8eea71e9cce486d04437e55,ent-8ffd4db3db608e73957c44ed9c0f854e,Aivar Kuusmaa played for Panathinaikos,2wiki_subcorpus.txt,test_kb,test_workspace
ent-a83ad7c0d8eea71e9cce486d04437e55,ent-6c1674d14bf5f95742f572cddb0641a7,Aivar Kuusmaa played in Belgium,2wiki_subcorpus.txt,test_kb,test_workspace
ent-a83ad7c0d8eea71e9cce486d04437e55,ent-d0f03a64ffd100d793e56a2e9a5cb4a3,Aivar Kuusmaa played for Liege Basket,2wiki_subcorpus.txt,test_kb,test_workspace
ent-a83ad7c0d8eea71e9cce486d04437e55,ent-6431459abbef45c49fe504b7324e3cb9,Aivar Kuusmaa stationed in Latvian SSR,2wiki_subcorpus.txt,test_kb,test_workspace
ent-a83ad7c0d8eea71e9cce486d04437e55,ent-87aa05d74ec439e2d1e9f335a2b6d673,Aivar Kuusmaa played for Rīgas ASK,2wiki_subcorpus.txt,test_kb,test_workspace
ent-a83ad7c0d8eea71e9cce486d04437e55,ent-d47268e9db2e9aa3827bba3afb7ff94a,Aivar Kuusmaa retired in 2005,2wiki_subcorpus.txt,test_kb,test_workspace
ent-a83ad7c0d8eea71e9cce486d04437e55,ent-c7e0c1daa29d292319a54ff41532488d,Aivar Kuusmaa coached BC Kalev/ Cramo,2wiki_subcorpus.txt,test_kb,test_workspace
ent-2c98a559c40ad9bce2963959b0cc6a03,ent-46e7f4dd342175e7eb21492f361d90c2,Greg A. Hill is Canadian,2wiki_subcorpus.txt,test_kb,test_workspace
ent-2c98a559c40ad9bce2963959b0cc6a03,ent-f99f1b857f5c5a73c1ed070d1b2bc12d,Greg A. Hill is First Nations artist,2wiki_subcorpus.txt,test_kb,test_workspace
ent-2c98a559c40ad9bce2963959b0cc6a03,ent-8a08422b4ca8a0ab0f443628d627c96b,Greg A. Hill is curator,2wiki_subcorpus.txt,test_kb,test_workspace
ent-2c98a559c40ad9bce2963959b0cc6a03,ent-7dc29fd863f141cd310df16a20274a82,Greg A. Hill is Kanyen'kehaka,2wiki_subcorpus.txt,test_kb,test_workspace
ent-2c98a559c40ad9bce2963959b0cc6a03,ent-356f5aae382e95f24f19f89c82b2d94f,Greg A. Hill from Six Nations of the Grand River Territory,2wiki_subcorpus.txt,test_kb,test_workspace
ent-356f5aae382e95f24f19f89c82b2d94f,ent-4a0ade8fc063e6e461708e6a8f2f8f43,Six Nations of the Grand River Territory located in Ontario,2wiki_subcorpus.txt,test_kb,test_workspace
ent-36811bd52ac11c86d3fc024357dcd846,ent-aaf38386ed47df2fbfa9c2423bc1585b,Wesley Barresi born 3 May 1984,2wiki_subcorpus.txt,test_kb,test_workspace
ent-36811bd52ac11c86d3fc024357dcd846,ent-96d42fc0ef87380a12b7bae04e82a0e3,Wesley Barresi is South African,2wiki_subcorpus.txt,test_kb,test_workspace
ent-36811bd52ac11c86d3fc024357dcd846,ent-3ec1d74bc0870cabd8da97bc848aed1a,Wesley Barresi is Netherlands international cricketer,2wiki_subcorpus.txt,test_kb,test_workspace
ent-36811bd52ac11c86d3fc024357dcd846,ent-f7810f50bd6fa0ee89caf8032398d60d,Wesley Barresi plays as right-handed wicket keeper-batsman,2wiki_subcorpus.txt,test_kb,test_workspace
ent-36811bd52ac11c86d3fc024357dcd846,ent-38efcecc49431c9343dc9cdb8c54b867,Wesley Barresi bowls right-arm offbreak,2wiki_subcorpus.txt,test_kb,test_workspace
ent-c4f0b671d3b9f81fbe197c4e0bd535e8,ent-5728c4deaad6c0b6947d0eb8c78d5ac3,John Aubrey Allen born 19 July 1974,2wiki_subcorpus.txt,test_kb,test_workspace
ent-c4f0b671d3b9f81fbe197c4e0bd535e8,ent-84b666683ed6a56d5aaef84ac7f91b2f,"John Aubrey Allen born in Windsor, New South Wales",2wiki_subcorpus.txt,test_kb,test_workspace
ent-c4f0b671d3b9f81fbe197c4e0bd535e8,ent-c303d552499c2607546d8410644bf2fe,John Aubrey Allen is Australian,2wiki_subcorpus.txt,test_kb,test_workspace
ent-c4f0b671d3b9f81fbe197c4e0bd535e8,ent-b0bd26d8f57a9d69a84591f01bbf620a,John Aubrey Allen played for Oxford University Cricket Club,2wiki_subcorpus.txt,test_kb,test_workspace
ent-c4f0b671d3b9f81fbe197c4e0bd535e8,ent-f0dddde0d04dc3b9ec79302c612a3fae,John Aubrey Allen played for Oxford,2wiki_subcorpus.txt,test_kb,test_workspace
ent-dccc351011c38aefd136034d966f617e,ent-6b14df165286aa783d059d73987b6c1e,Andrew James Somers known as Andy Summers,2wiki_subcorpus.txt,test_kb,test_workspace
ent-dccc351011c38aefd136034d966f617e,ent-37152503caeb379c0f57ee7d65da9547,Andrew James Somers born on 31 December 1942,2wiki_subcorpus.txt,test_kb,test_workspace
ent-dccc351011c38aefd136034d966f617e,ent-e4f223c5ffffa2a7757e9ba5f1f29c76,Andrew James Somers from Poulton-le-Fylde,2wiki_subcorpus.txt,test_kb,test_workspace
ent-e4f223c5ffffa2a7757e9ba5f1f29c76,ent-d2e8837e7b4141a48a0eaebe7d57895d,Poulton-le-Fylde located in Lancashire,2wiki_subcorpus.txt,test_kb,test_workspace
ent-6b14df165286aa783d059d73987b6c1e,ent-78463a384a5aa4fad5fa73e2f506ecfc,Andy Summers is English,2wiki_subcorpus.txt,test_kb,test_workspace
ent-6b14df165286aa783d059d73987b6c1e,ent-5bae4ef9521e044cc9b5d235605426d2,Andy Summers member of the Police,2wiki_subcorpus.txt,test_kb,test_workspace
ent-6b14df165286aa783d059d73987b6c1e,ent-ba033897644838097e2ad4db2264ef47,Andy Summers inducted into Rock and Roll Hall of Fame,2wiki_subcorpus.txt,test_kb,test_workspace
ent-ba033897644838097e2ad4db2264ef47,ent-a591024321c5e2bdbd23ed35f0574dde,Rock and Roll Hall of Fame in 2003,2wiki_subcorpus.txt,test_kb,test_workspace
ent-c26357dbf30868c7467903b11f6f3a9c,ent-e573ace9d081f3be08ebca19a3d1335c,"Frederick ""Fred"" Le Deux born on 4 December 1934",2wiki_subcorpus.txt,test_kb,test_workspace
ent-c26357dbf30868c7467903b11f6f3a9c,ent-bc8e8129425b2352d0d17e3303a60b3e,"Frederick ""Fred"" Le Deux played for Geelong",2wiki_subcorpus.txt,test_kb,test_workspace
ent-c26357dbf30868c7467903b11f6f3a9c,ent-7407c6a72a9463969924845db0a669d5,"Frederick ""Fred"" Le Deux in Victorian Football League",2wiki_subcorpus.txt,test_kb,test_workspace
ent-7407c6a72a9463969924845db0a669d5,ent-5408d1dbe9834558ce30337c049b23f4,Victorian Football League also known as VFL,2wiki_subcorpus.txt,test_kb,test_workspace
ent-c26357dbf30868c7467903b11f6f3a9c,ent-48707feff3b29092285d3448e16fc2e4,"Frederick ""Fred"" Le Deux is grandfather of Tom Hawkins",2wiki_subcorpus.txt,test_kb,test_workspace
ent-f2853c6f6c5aeb1dc3b8a2e326a60662,ent-1c54985e4f95b7819ca0357c0cb9a09f,Rev. John Westley born in 1636,2wiki_subcorpus.txt,test_kb,test_workspace
ent-f2853c6f6c5aeb1dc3b8a2e326a60662,ent-38f20d4ea2cbd10a723507e67be554e6,Rev. John Westley is grandfather of John Wesley,2wiki_subcorpus.txt,test_kb,test_workspace
ent-5f44ac7a4d67318c463c91771caa19dc,ent-a14212a546e47056b58aa2d0d9836583,John Westley was English nonconformist minister,2wiki_subcorpus.txt,test_kb,test_workspace
ent-5f44ac7a4d67318c463c91771caa19dc,ent-38f20d4ea2cbd10a723507e67be554e6,John Westley grandfather of John Wesley,2wiki_subcorpus.txt,test_kb,test_workspace
ent-4acf0aecf1175c9ec583e356f92f81fe,ent-9aa6c9f1b1e55ca5f606496de9f6367d,"Henry J. ""Red"" Krause, Jr. was American football offensive lineman",2wiki_subcorpus.txt,test_kb,test_workspace
ent-4acf0aecf1175c9ec583e356f92f81fe,ent-99e136f1a146ac15c6346215b1c1e43d,"Henry J. ""Red"" Krause, Jr. played for National Football League",2wiki_subcorpus.txt,test_kb,test_workspace
ent-4acf0aecf1175c9ec583e356f92f81fe,ent-c8602a85c7fd30a3dc58d64b8ff148de,"Henry J. ""Red"" Krause, Jr. played for Brooklyn Dodgers",2wiki_subcorpus.txt,test_kb,test_workspace
ent-4acf0aecf1175c9ec583e356f92f81fe,ent-32c88a949796f603c8f7d599a4b7e927,"Henry J. ""Red"" Krause, Jr. played for Washington Redskins",2wiki_subcorpus.txt,test_kb,test_workspace
ent-4acf0aecf1175c9ec583e356f92f81fe,ent-4aec059cc594782d64703ffe04e7f038,"Henry J. ""Red"" Krause, Jr. played college football at St. Louis University",2wiki_subcorpus.txt,test_kb,test_workspace
ent-4acf0aecf1175c9ec583e356f92f81fe,ent-e7f3c217b496c4bbdd1c933ca995765e,"Henry J. ""Red"" Krause, Jr. grandfather of Jennifer Krause",2wiki_subcorpus.txt,test_kb,test_workspace
ent-4acf0aecf1175c9ec583e356f92f81fe,ent-e86378b98a629c1fa7db5187f688ac2d,"Henry J. ""Red"" Krause, Jr. great grandfather of Payton Hoeing",2wiki_subcorpus.txt,test_kb,test_workspace
ent-2854664b417871ad851fe3e6d48a3b61,ent-c026390e9797835573fb8075cb466eff,Zhao Shoushan was KMT general,2wiki_subcorpus.txt,test_kb,test_workspace
ent-2854664b417871ad851fe3e6d48a3b61,ent-87bd7697e04866df7054daf1b1ae1ca5,Zhao Shoushan politician of Chinese Communist Party,2wiki_subcorpus.txt,test_kb,test_workspace
ent-2854664b417871ad851fe3e6d48a3b61,ent-15f3642cd7dff228cda2df1c0bdf3d47,Zhao Shoushan grandfather of Zhao Leji,2wiki_subcorpus.txt,test_kb,test_workspace
ent-bf44924ccfbf9f078b098b41b50fe061,ent-216bf8534a405de7e880a11e08925b19,Lyon Cohen was Polish-born Canadian businessman,2wiki_subcorpus.txt,test_kb,test_workspace
ent-bf44924ccfbf9f078b098b41b50fe061,ent-7cef8d9b9520e5402fe6ecfe32d4fe35,Lyon Cohen was philanthropist,2wiki_subcorpus.txt,test_kb,test_workspace
ent-b14c55af0a4d417c9c9ea684f2540b2a,ent-30b57649bfe3eee50e7f94cbed0d8632,Abd al-Muttalib is Shaybah ibn Hashim,2wiki_subcorpus.txt,test_kb,test_workspace
ent-b14c55af0a4d417c9c9ea684f2540b2a,ent-0b25313888c462091a67dbacb78d39f3,Abd al-Muttalib grandfather of Muhammad,2wiki_subcorpus.txt,test_kb,test_workspace
ent-22691eb3eb9d3c1228e24ac256171a35,ent-b8311a6895466e6f98d2960d056473a0,Ruaidhrí Mac Ruaidhrí died on 14 October 1318,2wiki_subcorpus.txt,test_kb,test_workspace
ent-22691eb3eb9d3c1228e24ac256171a35,ent-1e9bad1f78994213e0419a06c2a99ee5,Ruaidhrí Mac Ruaidhrí is Scottish magnate,2wiki_subcorpus.txt,test_kb,test_workspace
ent-22691eb3eb9d3c1228e24ac256171a35,ent-7799b3a2e2763c7e7ed20e1172c0dfab,Ruaidhrí Mac Ruaidhrí is chief of Clann Ruaidhrí,2wiki_subcorpus.txt,test_kb,test_workspace
ent-22691eb3eb9d3c1228e24ac256171a35,ent-645ca9047deb2c6f196286e135964946,Ruaidhrí Mac Ruaidhrí son of Ailéan mac Ruaidhrí,2wiki_subcorpus.txt,test_kb,test_workspace
ent-22691eb3eb9d3c1228e24ac256171a35,ent-92eafb0aa34cfd50d36fcb7c4ef59e47,Ruaidhrí Mac Ruaidhrí opposed English Crown,2wiki_subcorpus.txt,test_kb,test_workspace
ent-22691eb3eb9d3c1228e24ac256171a35,ent-4e0dfeb194e4a1bfd4d2511aba3a1a6e,Ruaidhrí Mac Ruaidhrí opposed Scottish Crown,2wiki_subcorpus.txt,test_kb,test_workspace
ent-22691eb3eb9d3c1228e24ac256171a35,ent-db8484eb3f8bdd47bc479c6495c963fa,"Ruaidhrí Mac Ruaidhrí aligned with Robert I, King of Scotland",2wiki_subcorpus.txt,test_kb,test_workspace
ent-22691eb3eb9d3c1228e24ac256171a35,ent-a47eb96aab4df878962b33eecb25ee64,Ruaidhrí Mac Ruaidhrí slain at Battle of Faughart,2wiki_subcorpus.txt,test_kb,test_workspace
ent-22691eb3eb9d3c1228e24ac256171a35,ent-4be90ed9c41356ec34247e49aec714a9,Ruaidhrí Mac Ruaidhrí supports Bruce,2wiki_subcorpus.txt,test_kb,test_workspace
ent-22691eb3eb9d3c1228e24ac256171a35,ent-06e415f918c577f07328a52e24f75d43,Ruaidhrí Mac Ruaidhrí died in Ireland,2wiki_subcorpus.txt,test_kb,test_workspace
ent-ceb8a7bb94c208a461e522a322931a74,ent-22691eb3eb9d3c1228e24ac256171a35,Cairistíona half-sister of Ruaidhrí Mac Ruaidhrí,2wiki_subcorpus.txt,test_kb,test_workspace
ent-a48ae448be00e469e4d241779dffa8a1,ent-1f933aaebb23cd9cd282e6e2d7b3dcfd,Amy of Garmoran also known as Amie MacRuari,2wiki_subcorpus.txt,test_kb,test_workspace
ent-a48ae448be00e469e4d241779dffa8a1,ent-33deb22e17c7f141f040849e6294d1f2,Amy of Garmoran also known as Euphemia,2wiki_subcorpus.txt,test_kb,test_workspace
ent-a48ae448be00e469e4d241779dffa8a1,ent-03a9ba70f9d74f98f7e04f919421e8d5,Amy of Garmoran was 14th-century Scottish noblewoman,2wiki_subcorpus.txt,test_kb,test_workspace
ent-a48ae448be00e469e4d241779dffa8a1,ent-d0d3fd06cf740beb12703daa88461f13,Amy of Garmoran sister of Raghnall mac Ruaidhri,2wiki_subcorpus.txt,test_kb,test_workspace
ent-d0d3fd06cf740beb12703daa88461f13,ent-00fd2530b00cf79e4bd0ed511cd5ca30,Raghnall mac Ruaidhri was Lord of Garmoran,2wiki_subcorpus.txt,test_kb,test_workspace
ent-a48ae448be00e469e4d241779dffa8a1,ent-8826847b0ac13f182bd1c5b8eb5927a0,Amy of Garmoran spouse of John of Islay,2wiki_subcorpus.txt,test_kb,test_workspace
ent-a48ae448be00e469e4d241779dffa8a1,ent-f17adaea9d4a687db1370e3800a3b486,Amy of Garmoran mother of Ranald,2wiki_subcorpus.txt,test_kb,test_workspace
ent-f17adaea9d4a687db1370e3800a3b486,ent-e7626705000d4690ab553f0256b24c4f,Ranald progenitor of Clanranald,2wiki_subcorpus.txt,test_kb,test_workspace
ent-8826847b0ac13f182bd1c5b8eb5927a0,ent-a48ae448be00e469e4d241779dffa8a1,John of Islay divorced Amy of Garmoran,2wiki_subcorpus.txt,test_kb,test_workspace
ent-8826847b0ac13f182bd1c5b8eb5927a0,ent-3460321248f822261dc3507512cba990,John of Islay re-marry House of Stewart,2wiki_subcorpus.txt,test_kb,test_workspace
ent-a48ae448be00e469e4d241779dffa8a1,ent-29f08e7d37c1be95455c40ab8d26583d,Amy of Garmoran retired to Highlands,2wiki_subcorpus.txt,test_kb,test_workspace
ent-a48ae448be00e469e4d241779dffa8a1,ent-81e271c0609b755a9f4b460150f4fc01,Amy of Garmoran retired to Islands,2wiki_subcorpus.txt,test_kb,test_workspace
ent-f64238d32f820a2b3e951e35c615f7fb,ent-6a69375f6d48bd1db494ea333d7aabbb,Raghnall Mac Ruaidhrí died in October 1346,2wiki_subcorpus.txt,test_kb,test_workspace
ent-f64238d32f820a2b3e951e35c615f7fb,ent-1e9bad1f78994213e0419a06c2a99ee5,Raghnall Mac Ruaidhrí was Scottish magnate,2wiki_subcorpus.txt,test_kb,test_workspace
ent-f64238d32f820a2b3e951e35c615f7fb,ent-7799b3a2e2763c7e7ed20e1172c0dfab,Raghnall Mac Ruaidhrí was chief of Clann Ruaidhrí,2wiki_subcorpus.txt,test_kb,test_workspace
ent-22691eb3eb9d3c1228e24ac256171a35,ent-76cf99d3614e23eabab16fb27e944bf9,Ruaidhrí Mac Ruaidhrí slain in 1318,2wiki_subcorpus.txt,test_kb,test_workspace
ent-ceb8a7bb94c208a461e522a322931a74,ent-22691eb3eb9d3c1228e24ac256171a35,Cairistíona was sister of Ruaidhrí Mac Ruaidhrí,2wiki_subcorpus.txt,test_kb,test_workspace
ent-ceb8a7bb94c208a461e522a322931a74,ent-de8c04bfcc0ed0617cc3fc13905ffebe,Cairistíona married to Donnchadh,2wiki_subcorpus.txt,test_kb,test_workspace
ent-de8c04bfcc0ed0617cc3fc13905ffebe,ent-cfebe0f9feda7603490ce4c474d7d090,Donnchadh belonged to comital family of Mar,2wiki_subcorpus.txt,test_kb,test_workspace
ent-f64238d32f820a2b3e951e35c615f7fb,ent-e48e13207341b6bffb7fb1622282247b,Raghnall Mac Ruaidhrí appears on record in 1337,2wiki_subcorpus.txt,test_kb,test_workspace
ent-f64238d32f820a2b3e951e35c615f7fb,ent-a08969ba0bfe752c4a723cbbbea6aafe,Raghnall Mac Ruaidhrí possessed territories Hebrides,2wiki_subcorpus.txt,test_kb,test_workspace
ent-f64238d32f820a2b3e951e35c615f7fb,ent-633ef92af796a78025592131a99f6fd2,Raghnall Mac Ruaidhrí possessed territories West Highlands,2wiki_subcorpus.txt,test_kb,test_workspace
ent-f64238d32f820a2b3e951e35c615f7fb,ent-1add60b7068d47456d95d76d3d37ea09,Raghnall Mac Ruaidhrí was in conflict with William III,2wiki_subcorpus.txt,test_kb,test_workspace
ent-1add60b7068d47456d95d76d3d37ea09,ent-a17b36333e0c2a821ef64c5b3333c41d,William III was Earl of Ross,2wiki_subcorpus.txt,test_kb,test_workspace
ent-f64238d32f820a2b3e951e35c615f7fb,ent-82965d4ed8150294d4330ace00821d77,Raghnall Mac Ruaidhrí assassinated in 1346,2wiki_subcorpus.txt,test_kb,test_workspace
ent-798ca4a06860bf50335f757abb9d7e06,ent-f64238d32f820a2b3e951e35c615f7fb,Áine was sister of Raghnall Mac Ruaidhrí,2wiki_subcorpus.txt,test_kb,test_workspace
ent-6ce372900744d01fed922846d8713c72,ent-6cb4ee6931a3ae76d2be49a447b110ce,Frank Launder born on 28 January 1906,2wiki_subcorpus.txt,test_kb,test_workspace
ent-6ce372900744d01fed922846d8713c72,ent-7ecf320f878050d59975caa5ea46edee,Frank Launder died on 23 February 1997,2wiki_subcorpus.txt,test_kb,test_workspace
ent-6ce372900744d01fed922846d8713c72,ent-c7f5e66fcef854dec7a09e5928c9db08,Frank Launder is British,2wiki_subcorpus.txt,test_kb,test_workspace
ent-6ce372900744d01fed922846d8713c72,ent-b2991c6f0a0ec7d1307da2b1d6633f7c,Frank Launder collaborated with Sidney Gilliat,2wiki_subcorpus.txt,test_kb,test_workspace
ent-6ce372900744d01fed922846d8713c72,ent-771a1640cbdaa8d6762196e50ec24064,Frank Launder born in Hitchin,2wiki_subcorpus.txt,test_kb,test_workspace
ent-6ce372900744d01fed922846d8713c72,ent-8e0be7d94b945267413ae092bddd957f,Frank Launder born in Hertfordshire,2wiki_subcorpus.txt,test_kb,test_workspace
ent-6ce372900744d01fed922846d8713c72,ent-64f607906be7598a02d75dbc1e979662,Frank Launder born in England,2wiki_subcorpus.txt,test_kb,test_workspace
ent-6ce372900744d01fed922846d8713c72,ent-4a33e8a9f312a9281fd6dd83ffbb8e0c,"Frank Launder contributed to Oh, Mr Porter!",2wiki_subcorpus.txt,test_kb,test_workspace
ent-6ce372900744d01fed922846d8713c72,ent-136f951362dab62e64eb8e841183c2a9,Frank Launder wrote professional debut 1937,2wiki_subcorpus.txt,test_kb,test_workspace
ent-6ce372900744d01fed922846d8713c72,ent-e205d7c24a5780f9eeb2315049febe0b,Frank Launder wrote with Alfred Hitchcock,2wiki_subcorpus.txt,test_kb,test_workspace
ent-6ce372900744d01fed922846d8713c72,ent-4409ab66861d413ab3a1ff722ccb30fa,Frank Launder wrote The Lady Vanishes,2wiki_subcorpus.txt,test_kb,test_workspace
ent-6ce372900744d01fed922846d8713c72,ent-ad4cc1fb9b068faecfb70914acc63395,Frank Launder created in 1938,2wiki_subcorpus.txt,test_kb,test_workspace
ent-6ce372900744d01fed922846d8713c72,ent-7bca720678dfae126932a1df4b574b0a,Frank Launder wrote with Carol Reed,2wiki_subcorpus.txt,test_kb,test_workspace
ent-6ce372900744d01fed922846d8713c72,ent-c408aef39987cf9aeddf44d3068e1b66,Frank Launder wrote Night Train to Munich,2wiki_subcorpus.txt,test_kb,test_workspace
ent-6ce372900744d01fed922846d8713c72,ent-b9a7343735e66e4648fc8276abcf676f,Frank Launder founded Individual Pictures,2wiki_subcorpus.txt,test_kb,test_workspace
ent-6ce372900744d01fed922846d8713c72,ent-cd55f1a0b68b8eeb429ddde9a4b45fb6,Frank Launder produced I See a Dark Stranger,2wiki_subcorpus.txt,test_kb,test_workspace
ent-8de47f4397b3ceabb586267fe76f9ea8,ent-605987f20ce2e97319a4b2cdbabf54e5,The Merry Gentleman is drama film,2wiki_subcorpus.txt,test_kb,test_workspace
ent-8de47f4397b3ceabb586267fe76f9ea8,ent-ef8446f35513a8d6aa2308357a268a7e,The Merry Gentleman released in 2008,2wiki_subcorpus.txt,test_kb,test_workspace
ent-6b4eaa6cb3da3da129e8a523e2779cf1,ent-8de47f4397b3ceabb586267fe76f9ea8,Michael Keaton directed The Merry Gentleman,2wiki_subcorpus.txt,test_kb,test_workspace
ent-6b4eaa6cb3da3da129e8a523e2779cf1,ent-8de47f4397b3ceabb586267fe76f9ea8,Michael Keaton starred in The Merry Gentleman,2wiki_subcorpus.txt,test_kb,test_workspace
ent-842abfbe88de0e80b6e42a55226a5ade,ent-8de47f4397b3ceabb586267fe76f9ea8,Kelly Macdonald starred in The Merry Gentleman,2wiki_subcorpus.txt,test_kb,test_workspace
ent-1e4e1ec13f7128da22403ae66ea03936,ent-c4e0e14b35e388d7ff422ad1e5e5905e,Luke Damon Goss born on 29 September 1968,2wiki_subcorpus.txt,test_kb,test_workspace
ent-1e4e1ec13f7128da22403ae66ea03936,ent-d7b33027d01cda1cada87aafd9bdd2dc,Luke Damon Goss is English actor,2wiki_subcorpus.txt,test_kb,test_workspace
ent-1e4e1ec13f7128da22403ae66ea03936,ent-77135812250a2bb57f59ae81250e4490,Luke Damon Goss is drummer of Bros,2wiki_subcorpus.txt,test_kb,test_workspace
ent-1e4e1ec13f7128da22403ae66ea03936,ent-907d2a854596aada68d7654c859382da,Luke Damon Goss acted in Blade II,2wiki_subcorpus.txt,test_kb,test_workspace
ent-1e4e1ec13f7128da22403ae66ea03936,ent-2f1cbadf5366e5d8dbbac654b362d982,Luke Damon Goss acted as Jared Nomak,2wiki_subcorpus.txt,test_kb,test_workspace
ent-907d2a854596aada68d7654c859382da,ent-4ba29b9f9e5732ed33761840f4ba6c53,Blade II released in 2002,2wiki_subcorpus.txt,test_kb,test_workspace
ent-1e4e1ec13f7128da22403ae66ea03936,ent-71904cc8c09fd642f9c49625d40568d4,Luke Damon Goss acted in One Night with the King,2wiki_subcorpus.txt,test_kb,test_workspace
ent-1e4e1ec13f7128da22403ae66ea03936,ent-81a1771acaa2a2856bccbe40bb0da858,Luke Damon Goss acted as King Xerxes,2wiki_subcorpus.txt,test_kb,test_workspace
ent-71904cc8c09fd642f9c49625d40568d4,ent-ea5a486c712a91e48443cd802642223d,One Night with the King released in 2006,2wiki_subcorpus.txt,test_kb,test_workspace
ent-1e4e1ec13f7128da22403ae66ea03936,ent-ad61a8d2435a23b895e020ef92cd5a98,Luke Damon Goss acted in Tekken,2wiki_subcorpus.txt,test_kb,test_workspace
ent-1e4e1ec13f7128da22403ae66ea03936,ent-a183bcafe90d8be87174183292254e09,Luke Damon Goss acted as Steve Fox,2wiki_subcorpus.txt,test_kb,test_workspace
ent-303cc0b0893fad6540765a9989b1502b,ent-8625106baa4d18489fe90817f1b033c5,Perry Bhandal born on 12 January 1968,2wiki_subcorpus.txt,test_kb,test_workspace
ent-303cc0b0893fad6540765a9989b1502b,ent-c7f5e66fcef854dec7a09e5928c9db08,Perry Bhandal is British,2wiki_subcorpus.txt,test_kb,test_workspace
ent-303cc0b0893fad6540765a9989b1502b,ent-ea67cc3e473432e203e2806987ed734c,Perry Bhandal is film director,2wiki_subcorpus.txt,test_kb,test_workspace
ent-303cc0b0893fad6540765a9989b1502b,ent-aed34f1aa5adb8da8c5bd3e8bc54ff24,Perry Bhandal is screenwriter,2wiki_subcorpus.txt,test_kb,test_workspace
ent-303cc0b0893fad6540765a9989b1502b,ent-f18122ddebc4341b4ed758b3f0817da8,Perry Bhandal is producer,2wiki_subcorpus.txt,test_kb,test_workspace
ent-303cc0b0893fad6540765a9989b1502b,ent-f02cf68c27aa11cc9698430e270ccb1b,Perry Bhandal produced Interview with a Hitman,2wiki_subcorpus.txt,test_kb,test_workspace
ent-4f7c270cd87afe6b4d6f28223e65661d,ent-74ab61a8e1d526cc62cd5f4418b95e43,"Matt Corboy born on June 4, 1973",2wiki_subcorpus.txt,test_kb,test_workspace
ent-4f7c270cd87afe6b4d6f28223e65661d,ent-c6c6f067a3ead9ce67a1c67a790fa26b,Matt Corboy is American,2wiki_subcorpus.txt,test_kb,test_workspace
ent-4f7c270cd87afe6b4d6f28223e65661d,ent-8e62561c3ac6d3fb0016e9a34a2caa5d,Matt Corboy is actor,2wiki_subcorpus.txt,test_kb,test_workspace
ent-9f44a3952dda6d4ec64341662f5af464,ent-a8c0a7ff7c27e88a70145970d75878a7,Spring Handicap is 1937 British comedy film,2wiki_subcorpus.txt,test_kb,test_workspace
ent-9f44a3952dda6d4ec64341662f5af464,ent-f993fe66a2782d398c376f3f1169cb98,Spring Handicap directed by Herbert Brenon,2wiki_subcorpus.txt,test_kb,test_workspace
ent-9f44a3952dda6d4ec64341662f5af464,ent-3c771ff10e530690d15b8bf5466d94cd,Spring Handicap starring Will Fyffe,2wiki_subcorpus.txt,test_kb,test_workspace
ent-9f44a3952dda6d4ec64341662f5af464,ent-ecebb0145a6ad2d66e323acd3624b997,Spring Handicap starring Maire O'Neill,2wiki_subcorpus.txt,test_kb,test_workspace
ent-9f44a3952dda6d4ec64341662f5af464,ent-0a3b51194a97bf511395444061dc8a29,Spring Handicap starring Billy Milton,2wiki_subcorpus.txt,test_kb,test_workspace
ent-9f44a3952dda6d4ec64341662f5af464,ent-194e19666a2cf3ac98ea12387de14479,Spring Handicap was made by Associated British Picture Corporation,2wiki_subcorpus.txt,test_kb,test_workspace
ent-9f44a3952dda6d4ec64341662f5af464,ent-57dd1b17f059bf5303d8516d4cd44308,Spring Handicap was made at Elstree Studios,2wiki_subcorpus.txt,test_kb,test_workspace
ent-f02cf68c27aa11cc9698430e270ccb1b,ent-2b46da7a9a4dc0431c56373399b15984,Interview with a Hitman is 2012 British action film,2wiki_subcorpus.txt,test_kb,test_workspace
ent-f02cf68c27aa11cc9698430e270ccb1b,ent-303cc0b0893fad6540765a9989b1502b,Interview with a Hitman written by Perry Bhandal,2wiki_subcorpus.txt,test_kb,test_workspace
ent-f02cf68c27aa11cc9698430e270ccb1b,ent-303cc0b0893fad6540765a9989b1502b,Interview with a Hitman directed by Perry Bhandal,2wiki_subcorpus.txt,test_kb,test_workspace
ent-a8bc2e7ba5f3523fda3394c8ddb11af3,ent-e5f748c89dc644334cf109092db69e25,Luke Goss plays Viktor,2wiki_subcorpus.txt,test_kb,test_workspace
ent-e5f748c89dc644334cf109092db69e25,ent-65c6f7e76e9b906e42d2150651bbfdea,Viktor is Romanian hitman,2wiki_subcorpus.txt,test_kb,test_workspace
ent-f02cf68c27aa11cc9698430e270ccb1b,ent-11bc86da051743c0f80d37f3c2b8f438,Interview with a Hitman produced by Kirlian Pictures,2wiki_subcorpus.txt,test_kb,test_workspace
ent-f02cf68c27aa11cc9698430e270ccb1b,ent-7d584233f19625dfc37acb8604ba81e2,Interview with a Hitman produced by Scanner Rhodes,2wiki_subcorpus.txt,test_kb,test_workspace
ent-f02cf68c27aa11cc9698430e270ccb1b,ent-f3fc59150a2ab01a5f51ea46eff6a20b,Interview with a Hitman produced with assistance of Northern Film& Media,2wiki_subcorpus.txt,test_kb,test_workspace
ent-f02cf68c27aa11cc9698430e270ccb1b,ent-a8bc2e7ba5f3523fda3394c8ddb11af3,Interview with a Hitman stars Luke Goss,2wiki_subcorpus.txt,test_kb,test_workspace
ent-f02cf68c27aa11cc9698430e270ccb1b,ent-497154fd4ce362305274171c3a97599d,Interview with a Hitman stars Caroline Tillette,2wiki_subcorpus.txt,test_kb,test_workspace
ent-f02cf68c27aa11cc9698430e270ccb1b,ent-8eca7264a3c74d3fc9f794fca17e0b07,Interview with a Hitman stars Stephen Marcus,2wiki_subcorpus.txt,test_kb,test_workspace
ent-f02cf68c27aa11cc9698430e270ccb1b,ent-ae6a3d59c8d35bc462740862c6daf841,Interview with a Hitman stars Danny Midwinter,2wiki_subcorpus.txt,test_kb,test_workspace
ent-f02cf68c27aa11cc9698430e270ccb1b,ent-9c281c98a1d5b88c433e847b0112f2fa,Interview with a Hitman stars Elliot Greene,2wiki_subcorpus.txt,test_kb,test_workspace
ent-5bbc56e6988c8bf84a4c56e95e9ee0f3,ent-c215b446bcdf956d848a8419c1b5a920,Michael Govan born 1963,2wiki_subcorpus.txt,test_kb,test_workspace
ent-5bbc56e6988c8bf84a4c56e95e9ee0f3,ent-860883858766d89cf81b9648fa3b2c0c,Michael Govan director of Los Angeles County Museum of Art,2wiki_subcorpus.txt,test_kb,test_workspace
ent-3f95297841caf4533a2042e69bcb9077,ent-1f8e3529e884ea61317d63456c77f988,Jackie Kong is American screenwriter,2wiki_subcorpus.txt,test_kb,test_workspace
ent-3f95297841caf4533a2042e69bcb9077,ent-b86d89cc45d2f3efe2a9ec689ee5f2ce,Jackie Kong is film producer,2wiki_subcorpus.txt,test_kb,test_workspace
ent-3f95297841caf4533a2042e69bcb9077,ent-ea67cc3e473432e203e2806987ed734c,Jackie Kong is film director,2wiki_subcorpus.txt,test_kb,test_workspace
ent-3f95297841caf4533a2042e69bcb9077,ent-410d565942770e737c12fb75e9aac116,Jackie Kong known for Blood Diner,2wiki_subcorpus.txt,test_kb,test_workspace
ent-e7adcbca05597a96423c25eab303bc71,ent-0cbbb416b734092944892d265ab8aefd,Ian Barry is Australian director,2wiki_subcorpus.txt,test_kb,test_workspace
ent-884e49cba227b6a62ae69a6030d9d765,ent-44ea02d10c107d030464c3576f880510,"Dana Blankstein-Cohen born on March 3, 1981",2wiki_subcorpus.txt,test_kb,test_workspace
ent-884e49cba227b6a62ae69a6030d9d765,ent-dfc2b0022765d4bfd131ffe65805f6c8,Dana Blankstein-Cohen is director of Israeli Academy of Film and Television,2wiki_subcorpus.txt,test_kb,test_workspace
ent-884e49cba227b6a62ae69a6030d9d765,ent-ea67cc3e473432e203e2806987ed734c,Dana Blankstein-Cohen is film director,2wiki_subcorpus.txt,test_kb,test_workspace
ent-884e49cba227b6a62ae69a6030d9d765,ent-3c95256b25314cfd53d388837a23629f,Dana Blankstein-Cohen is Israeli culture entrepreneur,2wiki_subcorpus.txt,test_kb,test_workspace
ent-d2dd6ff71cb01c807a3786ff648a092f,ent-a38b16173474ba8b1a95bcbc30d3b8a5,Charles Leavitt born in 1953,2wiki_subcorpus.txt,test_kb,test_workspace
ent-d2dd6ff71cb01c807a3786ff648a092f,ent-1f8e3529e884ea61317d63456c77f988,Charles Leavitt is American screenwriter,2wiki_subcorpus.txt,test_kb,test_workspace
ent-d2dd6ff71cb01c807a3786ff648a092f,ent-f4094ae72b9562f5127aa1617e0d10b9,Charles Leavitt best known for writing Blood Diamond,2wiki_subcorpus.txt,test_kb,test_workspace
ent-6ab4d01adc6a0f621fcf48b0d078e629,ent-ff348861b3b8c4d471c8abb53b33a267,"Leo Fong born on November 23, 1928",2wiki_subcorpus.txt,test_kb,test_workspace
ent-6ab4d01adc6a0f621fcf48b0d078e629,ent-547b40c72cbc2b7a1ab9c3e233d7c0f1,Leo Fong is Chinese American actor,2wiki_subcorpus.txt,test_kb,test_workspace
ent-6ab4d01adc6a0f621fcf48b0d078e629,ent-f25bc5896c4d2cd47b94651fddcc2766,Leo Fong is martial artist,2wiki_subcorpus.txt,test_kb,test_workspace
ent-6ab4d01adc6a0f621fcf48b0d078e629,ent-0aac16330f9a907665ec2fad88f2e8dc,Leo Fong is boxer,2wiki_subcorpus.txt,test_kb,test_workspace
ent-ac8671b2b18de537df9864bd1413e1c2,ent-8dd1bae8da2e2408210d0656fbe6b7d1,John Farrell is director of YouTube,2wiki_subcorpus.txt,test_kb,test_workspace
ent-ac8671b2b18de537df9864bd1413e1c2,ent-dfcd11e5c9131eb8e5f970e5e4ee5a53,John Farrell operates in Latin America,2wiki_subcorpus.txt,test_kb,test_workspace
ent-7b7656d4c1af62a7b2ec8c7a24b8af05,ent-c6c6f067a3ead9ce67a1c67a790fa26b,Peter Levin is American,2wiki_subcorpus.txt,test_kb,test_workspace
ent-4dbf9bc02789f163350707ea3321f812,ent-9320cb578003a3b133dea3cbf19a7aac,"Tamara Lee Story born on February 24, 1959",2wiki_subcorpus.txt,test_kb,test_workspace
ent-4dbf9bc02789f163350707ea3321f812,ent-8299142f983196e3699f1722a4bc9b90,Tamara Lee Story is member of Colorado Senate,2wiki_subcorpus.txt,test_kb,test_workspace
ent-4dbf9bc02789f163350707ea3321f812,ent-98856c911d9a5093ce145e8df4b4e7fc,Tamara Lee Story represents 16th district,2wiki_subcorpus.txt,test_kb,test_workspace
ent-4dbf9bc02789f163350707ea3321f812,ent-3538369d4fb504d9403a63a3f6b9d94b,Tamara Lee Story represents Jefferson County,2wiki_subcorpus.txt,test_kb,test_workspace
ent-b9c9762af8f3b156b2ef565856c28357,ent-09c9a7926810b40ea6b98fde9813587b,"Alex Story born on December 6, 1974",2wiki_subcorpus.txt,test_kb,test_workspace
ent-b9c9762af8f3b156b2ef565856c28357,ent-c7f5e66fcef854dec7a09e5928c9db08,Alex Story is British,2wiki_subcorpus.txt,test_kb,test_workspace
ent-b9c9762af8f3b156b2ef565856c28357,ent-dcda230468e2449b47626eac595a55c9,Alex Story member of British Conservative Party,2wiki_subcorpus.txt,test_kb,test_workspace
ent-b9c9762af8f3b156b2ef565856c28357,ent-c8a700a20aae232b3609048f691161e8,Alex Story competed in 1996 Olympic Games,2wiki_subcorpus.txt,test_kb,test_workspace
ent-b9c9762af8f3b156b2ef565856c28357,ent-8b1c40ce6629723de95905617aaf5743,Alex Story competed in Atlanta,2wiki_subcorpus.txt,test_kb,test_workspace
ent-eff648d6d4c942b5c765a981cc2fe0a5,ent-a38b16173474ba8b1a95bcbc30d3b8a5,Richard W. Story born in 1953,2wiki_subcorpus.txt,test_kb,test_workspace
ent-eff648d6d4c942b5c765a981cc2fe0a5,ent-92f4c74e29f2214c8d98c083c4247cb6,Richard W. Story is Senior United States District Judge,2wiki_subcorpus.txt,test_kb,test_workspace
ent-eff648d6d4c942b5c765a981cc2fe0a5,ent-f9f3e8a860c23e8c866d942217a26fae,Richard W. Story serves at United States District Court for the Northern District of Georgia,2wiki_subcorpus.txt,test_kb,test_workspace
ent-3efdf5486cd51a172e291e966637fc1d,ent-b056f22642cf8121dad75b2be5ec5a7c,"Andrea Douglas Story born on April 2, 1959",2wiki_subcorpus.txt,test_kb,test_workspace
